ts_code,trade_date,open,high,low,close,pre_close,change,pct_chg,vol,amount,adj_factor
600519.SH,20230103,1531.7367,1538.1337,1509.449,1530.6838,1727.0,3.01,0.1743,26033.8,4487760.231,0.884783
600519.SH,20230104,1530.675,1538.3726,1518.288,1526.2599,1730.01,-5.0,-0.289,20415.75,3523582.306,0.884783
600519.SH,20230105,1536.8684,1593.4946,1533.3293,1593.4946,1725.01,75.99,4.4052,47942.85,8541587.089,0.884783
600519.SH,20230106,1598.0247,1603.1387,1581.1076,1595.9454,1801.0,2.77,0.1538,24903.75,4480838.898,0.884783
600519.SH,20230109,1623.5772,1636.8312,1599.5288,1629.0628,1803.77,37.43,2.0751,30977.23,5684181.147,0.884783
600519.SH,20230110,1627.1694,1649.6783,1619.5957,1640.7862,1841.2,13.25,0.7196,22731.73,4204783.734,0.884783
600519.SH,20230111,1642.1576,1645.6968,1625.2052,1632.3808,1854.45,-9.5,-0.5123,22720.31,4201487.773,0.884783
600519.SH,20230112,1635.0794,1642.1576,1621.8076,1622.6924,1844.95,-10.95,-0.5935,17193.17,3162637.136,0.884783
600519.SH,20230113,1631.6995,1670.4707,1628.0011,1669.5859,1834.0,53.0,2.8899,31939.65,5969876.222,0.884783
600519.SH,20230116,1668.7011,1712.0555,1664.2772,1692.5018,1887.0,25.9,1.3725,36848.26,7059982.64,0.884783
600519.SH,20230117,1692.7318,1701.4381,1676.6642,1688.1664,1912.9,-4.9,-0.2562,21299.23,4068321.409,0.884783
600519.SH,20230118,1693.4751,1703.4731,1672.2403,1674.8946,1908.0,-15.0,-0.7862,21062.93,4008665.438,0.884783
600519.SH,20230119,1674.4522,1674.4699,1651.0055,1663.5782,1893.0,-12.79,-0.6756,23438.89,4401994.437,0.884783
600519.SH,20230120,1671.5236,1679.5397,1643.9272,1645.7056,1880.21,-20.2,-1.0743,25608.75,4807356.071,0.884783
600519.SH,20230130,1689.0511,1689.0511,1663.3924,1670.4707,1860.01,27.99,1.5048,35922.55,6799756.571,0.884783
600519.SH,20230131,1677.9914,1681.0439,1621.8696,1633.0975,1888.0,-42.24,-2.2373,32990.68,6128311.548,0.884783
600519.SH,20230201,1641.2552,1644.812,1602.6963,1632.3985,1845.76,-0.79,-0.0428,33973.89,6244678.925,0.884783
600519.SH,20230202,1635.4156,1644.812,1615.6141,1624.5593,1844.97,-8.86,-0.4802,29758.86,5465509.51,0.884783
600519.SH,20230203,1610.3054,1615.6141,1588.7875,1608.5359,1836.11,-18.11,-0.9863,34944.9,6324635.031,0.884783
600519.SH,20230206,1574.9141,1588.1859,1557.2185,1588.1859,1818.0,-23.0,-1.2651,42660.95,7595739.044,0.884783
600519.SH,20230207,1599.7588,1600.3959,1581.7535,1589.9554,1795.0,2.0,0.1114,24321.71,4373671.735,0.884783
600519.SH,20230208,1592.6186,1597.8919,1570.4902,1578.4532,1797.0,-13.0,-0.7234,16675.77,2980574.806,0.884783
600519.SH,20230209,1573.1445,1618.9321,1570.499,1608.5359,1784.0,34.0,1.9058,29753.66,5401399.088,0.884783
600519.SH,20230210,1601.5461,1608.9694,1593.5388,1601.4576,1818.0,-8.0,-0.44,17984.51,3253859.317,0.884783
600519.SH,20230213,1601.4576,1658.5261,1601.4576,1642.4673,1810.0,46.35,2.5608,38146.7,7058382.498,0.884783
600519.SH,20230214,1642.5646,1643.3963,1623.5772,1631.3544,1856.35,-12.56,-0.6766,19565.76,3601769.574,0.884783
600519.SH,20230215,1631.3456,1641.5383,1624.2939,1628.8859,1843.79,-2.79,-0.1513,18176.91,3351422.211,0.884783
600519.SH,20230216,1629.1867,1669.5859,1617.3837,1647.3071,1841.0,20.82,1.1309,33245.95,6196915.13,0.884783
600519.SH,20230217,1636.9905,1657.199,1610.3497,1610.9956,1861.82,-41.04,-2.2043,26442.83,4880328.952,0.884783
600519.SH,20230220,1611.1902,1662.3307,1607.8281,1658.9685,1820.78,54.22,2.9778,29668.69,5488800.056,0.884783
600519.SH,20230221,1658.0837,1658.0837,1637.7337,1651.8903,1875.0,-8.0,-0.4267,18750.52,3491633.51,0.884783
600519.SH,20230222,1641.2817,1649.1474,1620.7459,1624.462,1867.0,-31.0,-1.6604,21869.16,4031016.045,0.884783
600519.SH,20230223,1628.0011,1635.7872,1597.2549,1608.5359,1836.0,-18.0,-0.9804,21880.97,3983991.208,0.884783
600519.SH,20230224,1601.5549,1601.6257,1576.8429,1581.9924,1818.0,-30.0,-1.6502,24634.61,4415621.498,0.884783
600519.SH,20230227,1573.5869,1605.8815,1570.5079,1601.8204,1788.0,22.41,1.2534,22064.89,3978128.676,0.884783
600519.SH,20230228,1609.4207,1612.0839,1577.8339,1604.7667,1810.41,3.33,0.1839,23951.81,4314877.096,0.884783
600519.SH,20230301,1604.112,1635.0794,1595.4676,1626.7005,1813.74,24.79,1.3668,24458.1,4475592.195,0.884783
600519.SH,20230302,1618.2685,1627.1075,1611.2787,1617.3837,1838.53,-10.53,-0.5727,13144.19,2405292.304,0.884783
600519.SH,20230303,1627.7976,1629.4256,1594.804,1608.5713,1828.0,-9.96,-0.5449,16198.06,2946842.659,0.884783
600519.SH,20230306,1608.6951,1608.9783,1589.7519,1598.9271,1818.04,-10.9,-0.5995,20645.86,3730079.522,0.884783
600519.SH,20230307,1597.9008,1607.2972,1581.9924,1582.2578,1807.14,-18.84,-1.0425,22785.39,4101302.456,0.884783
600519.SH,20230308,1574.9318,1580.1697,1558.2094,1566.4379,1788.3,-17.88,-0.9998,22763.7,4035787.172,0.884783
600519.SH,20230309,1564.2967,1579.338,1539.5228,1566.084,1770.42,-0.4,-0.0226,27611.5,4881442.71,0.884783
600519.SH,20230310,1549.7597,1575.7989,1548.3706,1548.3706,1770.02,-20.02,-1.1311,21160.82,3725139.075,0.884783
600519.SH,20230313,1549.2554,1570.4902,1547.4858,1558.988,1750.0,12.0,0.6857,20560.43,3626476.291,0.884783
600519.SH,20230314,1560.5629,1574.8079,1538.1956,1562.5272,1762.0,4.0,0.227,23704.92,4177289.027,0.884783
600519.SH,20230315,1573.4719,1579.2319,1548.4768,1549.1846,1766.0,-15.08,-0.8539,19212.53,3392698.49,0.884783
600519.SH,20230316,1539.5228,1566.0663,1538.6469,1550.1313,1750.92,1.07,0.0611,17646.24,3096791.142,0.884783
600519.SH,20230317,1566.0663,1571.2777,1535.9837,1541.2924,1751.99,-9.99,-0.5702,27022.91,4744249.369,0.884783
600519.SH,20230320,1549.2554,1552.7945,1528.9054,1530.321,1742.0,-12.4,-0.7118,20490.93,3557872.017,0.884783
600519.SH,20230321,1535.0989,1580.0901,1525.3397,1570.4902,1729.6,45.4,2.6249,31141.82,5491052.284,0.884783
600519.SH,20230322,1574.9141,1586.4163,1562.129,1569.0303,1775.0,-1.65,-0.093,15330.26,2727648.674,0.884783
600519.SH,20230323,1562.5272,1584.7441,1561.6512,1570.3663,1773.35,1.51,0.0851,17355.66,3082821.551,0.884783
600519.SH,20230324,1565.2523,1578.0993,1562.5272,1573.6931,1774.86,3.76,0.2118,12769.96,2269649.179,0.884783
600519.SH,20230327,1573.6754,1573.6754,1553.6793,1564.1109,1778.62,-10.83,-0.6089,15295.55,2700755.933,0.884783
600519.SH,20230328,1566.0663,1583.7619,1561.6601,1576.5067,1767.79,14.01,0.7925,17261.35,3073113.077,0.884783
600519.SH,20230329,1591.725,1592.6098,1579.4,1583.7619,1781.8,8.2,0.4602,15392.99,2761909.333,0.884783
600519.SH,20230330,1586.4163,1597.0337,1574.0293,1592.6098,1790.0,10.0,0.5587,19257.01,3453573.052,0.884783
600519.SH,20230331,1614.7294,1635.0794,1609.4207,1610.3054,1800.0,20.0,1.1111,27446.33,5024790.356,0.884783
600519.SH,20230403,1614.7294,1617.1802,1592.6806,1594.4413,1820.0,-17.93,-0.9852,21417.43,3875811.673,0.884783
600519.SH,20230404,1603.2272,1606.0319,1581.1076,1605.5188,1802.07,12.52,0.6948,20066.26,3614275.263,0.884783
600519.SH,20230406,1597.0337,1606.6778,1582.187,1589.92,1814.59,-17.63,-0.9716,14874.22,2676251.956,0.884783
600519.SH,20230407,1588.1859,1597.9273,1582.2932,1584.6379,1796.96,-5.97,-0.3322,13524.68,2428160.574,0.884783
600519.SH,20230410,1584.5406,1584.5406,1543.0619,1567.5704,1790.99,-19.29,-1.0771,29418.22,5171150.567,0.884783
600519.SH,20230411,1586.4163,1586.4163,1543.0619,1544.3891,1771.7,-26.2,-1.4788,29209.19,5138854.627,0.884783
600519.SH,20230412,1545.9463,1548.3706,1497.7787,1498.9112,1745.5,-51.4,-2.9447,51104.92,8732657.376,0.884783
600519.SH,20230413,1495.2836,1525.0035,1489.9838,1524.4815,1694.1,28.9,1.7059,29542.68,5049310.126,0.884783
600519.SH,20230414,1527.1358,1533.3293,1508.3784,1516.0052,1723.0,-9.58,-0.556,21231.62,3646526.766,0.884783
600519.SH,20230417,1539.5228,1551.025,1528.9054,1551.025,1713.42,39.58,2.31,30467.23,5303401.395,0.884783
600519.SH,20230418,1551.025,1565.1815,1544.8492,1555.4489,1753.0,5.0,0.2852,18313.89,3220107.647,0.884783
600519.SH,20230419,1558.988,1562.0848,1548.3706,1556.3337,1758.0,1.0,0.0569,14600.56,2568632.845,0.884783
600519.SH,20230420,1557.3158,1561.6424,1529.7902,1541.1862,1759.0,-17.12,-0.9733,19885.37,3468366.835,0.884783
600519.SH,20230421,1544.8315,1546.6718,1522.9596,1526.6669,1741.88,-16.41,-0.9421,18517.87,3210937.222,0.884783
600519.SH,20230424,1522.7119,1523.5967,1505.0162,1508.5554,1725.47,-20.47,-1.1863,20230.91,3456728.718,0.884783
600519.SH,20230425,1509.4402,1535.966,1505.901,1531.0112,1705.0,25.38,1.4886,20582.51,3534989.917,0.884783
600519.SH,20230426,1543.0619,1558.1032,1521.8271,1542.9823,1730.38,13.53,0.7819,27891.6,4861477.657,0.884783
600519.SH,20230427,1546.6011,1566.0663,1530.675,1555.3781,1743.91,14.01,0.8034,25605.04,4489906.864,0.884783
600519.SH,20230428,1559.8816,1577.365,1551.8832,1557.6785,1757.92,2.6,0.1479,26224.64,4636084.177,0.884783
600519.SH,20230504,1565.1815,1572.8526,1535.9837,1548.2821,1760.52,-10.62,-0.6032,27466.42,4818999.65,0.884783
600519.SH,20230505,1562.5272,1562.5272,1536.3287,1548.3706,1749.9,0.1,0.0057,20714.21,3621305.973,0.884783
600519.SH,20230508,1564.5798,1565.1815,1519.3232,1522.2872,1750.0,-29.48,-1.6846,33171.26,5742915.994,0.884783
600519.SH,20230509,1517.4032,1539.5051,1510.3869,1523.5967,1720.52,1.48,0.086,29377.96,5057346.564,0.884783
600519.SH,20230510,1517.5713,1535.9837,1517.4032,1526.251,1722.0,3.0,0.1742,20772.6,3588550.877,0.884783
600519.SH,20230511,1531.5597,1535.0989,1517.4032,1519.2347,1725.0,-7.93,-0.4597,15246.12,2623835.905,0.884783
600519.SH,20230512,1517.4032,1530.5688,1508.5642,1509.7941,1717.07,-10.67,-0.6214,19460.45,3335038.59,0.884783
600519.SH,20230515,1505.901,1519.1728,1496.3454,1518.5534,1706.4,9.9,0.5802,25740.18,4384647.977,0.884783
600519.SH,20230516,1516.5096,1521.8183,1501.4771,1507.0424,1716.3,-13.01,-0.758,22223.77,3785811.907,0.884783
600519.SH,20230517,1511.2097,1515.6336,1503.2555,1505.0162,1703.29,-2.29,-0.1344,16776.91,2858697.942,0.884783
600519.SH,20230518,1508.5465,1508.9093,1495.2836,1496.1684,1701.0,-10.0,-0.5879,19219.28,3260170.684,0.884783
600519.SH,20230519,1478.4727,1507.9626,1464.8028,1503.6891,1691.0,8.5,0.5027,26741.16,4504022.549,0.884783
600519.SH,20230522,1495.2925,1550.1402,1495.2836,1544.8315,1699.5,46.5,2.7361,41284.32,7165754.129,0.884783
600519.SH,20230523,1551.9009,1551.9098,1525.8529,1525.8529,1746.0,-21.45,-1.2285,16894.21,2934118.394,0.884783
600519.SH,20230524,1532.7365,1533.8159,1513.0766,1513.7756,1724.55,-13.65,-0.7915,18479.27,3182416.491,0.884783
600519.SH,20230525,1509.4313,1512.9793,1495.2836,1505.0162,1710.9,-9.9,-0.5786,22465.6,3814504.093,0.884783
600519.SH,20230526,1505.901,1508.5554,1482.0207,1495.7791,1701.0,-10.44,-0.6138,18291.1,3090691.546,0.884783
600519.SH,20230529,1501.4771,1502.6716,1484.6662,1494.3988,1690.56,-1.56,-0.0923,17771.41,2998147.159,0.884783
600519.SH,20230530,1494.3988,1503.1493,1467.466,1476.075,1689.0,-20.71,-1.2262,26453.4,4424706.688,0.884783
600519.SH,20230531,1469.6338,1473.8011,1439.2503,1441.2234,1668.29,-39.39,-2.3611,36956.97,6053737.281,0.884783
600519.SH,20230601,1431.5792,1482.003,1431.5792,1447.4346,1628.9,7.02,0.431,28645.25,4708722.933,0.884783
600519.SH,20230602,1455.4684,1480.375,1447.6027,1478.1188,1635.92,34.68,2.1199,25058.02,4163116.244,0.884783
600519.SH,20230605,1474.1904,1488.984,1471.3945,1473.164,1670.6,-5.6,-0.3352,16200.5,2704294.313,0.884783
600519.SH,20230606,1477.588,1489.9749,1461.2637,1474.9248,1665.0,1.99,0.1195,19913.92,3326778.183,0.884783
600519.SH,20230607,1480.2335,1485.3741,1459.8923,1460.6886,1666.99,-16.09,-0.9652,17889.64,2971782.064,0.884783
600519.SH,20230608,1465.0506,1482.0119,1459.9011,1475.8184,1650.9,17.1,1.0358,14702.72,2441569.677,0.884783
600519.SH,20230609,1479.3487,1484.6397,1474.0488,1474.0488,1668.0,-2.0,-0.1199,17580.41,2938014.322,0.884783
600519.SH,20230612,1474.0665,1511.2097,1470.085,1500.5923,1666.0,30.0,1.8007,27029.44,4562308.599,0.884783
600519.SH,20230613,1498.7166,1508.2103,1490.8597,1503.2467,1696.0,3.0,0.1769,14662.54,2485398.902,0.884783
600519.SH,20230614,1520.9423,1534.4264,1509.626,1527.9144,1699.0,27.88,1.641,31505.8,5438040.356,0.884783
600519.SH,20230615,1530.9758,1553.3696,1524.4815,1552.7945,1726.88,28.12,1.6284,25222.57,4395900.802,0.884783
600519.SH,20230616,1554.5641,1592.6098,1548.4591,1590.5659,1755.0,42.69,2.4325,37917.89,6742301.361,0.884783
600519.SH,20230619,1583.7619,1590.796,1537.7532,1543.0619,1797.69,-53.69,-2.9866,31699.92,5584248.725,0.884783
600519.SH,20230620,1539.5228,1561.6424,1535.0989,1542.5841,1744.0,-0.54,-0.031,20946.74,3659824.529,0.884783
600519.SH,20230621,1539.5228,1554.2102,1535.0989,1535.8332,1743.46,-7.63,-0.4376,17720.61,3088635.934,0.884783
600519.SH,20230626,1521.9244,1530.675,1499.7075,1512.0945,1735.83,-26.83,-1.5457,23992.68,4098619.51,0.884783
600519.SH,20230627,1512.9704,1521.5617,1504.2111,1513.9083,1709.0,2.05,0.12,15174.46,2598138.744,0.884783
600519.SH,20230628,1515.7929,1534.2141,1513.8641,1529.2416,1711.05,17.33,1.0128,18573.56,3199294.221,0.884783
600519.SH,20230629,1531.5597,1535.09,1515.6425,1516.2618,1728.38,-14.67,-0.8488,14231.16,2446524.134,0.884783
600519.SH,20230630,1527.2219,1535.2982,1515.076,1519.1366,1687.8,3.2,0.1896,20458.69,3472586.73,0.898366
600519.SH,20230703,1526.3235,1549.9326,1520.035,1548.8725,1691.0,33.1,1.9574,19139.09,3286737.792,0.898366
600519.SH,20230704,1548.9624,1558.1616,1543.4644,1554.7119,1724.1,6.5,0.377,12472.38,2155553.635,0.898366
600519.SH,20230705,1554.1729,1555.9427,1527.2219,1541.0388,1730.6,-15.22,-0.8795,14745.39,2523960.725,0.898366
600519.SH,20230706,1535.4509,1556.868,1527.2219,1529.899,1715.38,-12.4,-0.7229,15140.62,2589459.002,0.898366
600519.SH,20230707,1528.1203,1535.2982,1518.2382,1518.2652,1702.98,-12.95,-0.7604,15167.42,2571458.553,0.898366
600519.SH,20230710,1531.7137,1540.6615,1527.2219,1528.0304,1690.03,10.87,0.6432,13477.41,2298241.728,0.898366
600519.SH,20230711,1536.2056,1540.8501,1529.1085,1536.2056,1700.9,9.1,0.535,12582.7,2151079.27,0.898366
600519.SH,20230712,1538.9366,1547.8843,1537.4004,1539.6193,1710.0,3.8,0.2222,13284.67,2280785.351,0.898366
600519.SH,20230713,1546.977,1568.0167,1544.2998,1561.7191,1713.8,24.6,1.4354,25806.54,4479772.5,0.898366
600519.SH,20230714,1577.5304,1579.7763,1564.2346,1574.8353,1738.4,14.6,0.8399,18550.3,3245530.255,0.898366
600519.SH,20230717,1573.0386,1573.0386,1551.1184,1554.1459,1753.0,-23.03,-1.3137,14336.48,2482069.846,0.898366
600519.SH,20230718,1557.389,1558.2245,1546.0876,1547.7046,1729.97,-7.17,-0.4145,14737.65,2544005.063,0.898366
600519.SH,20230719,1540.7064,1552.3761,1539.6193,1547.8843,1722.8,0.2,0.0116,12483.22,2147704.435,0.898366
600519.SH,20230720,1552.3672,1571.2239,1546.9859,1548.7827,1723.0,1.0,0.058,16692.65,2897176.49,0.898366
600519.SH,20230721,1555.8618,1592.3534,1550.5794,1591.2754,1724.0,47.3,2.7436,39377.4,6931535.726,0.898366
600519.SH,20230724,1572.6073,1591.1406,1572.6073,1591.1406,1771.3,-0.15,-0.0085,19713.37,3476648.177,0.898366
600519.SH,20230725,1617.0585,1643.0033,1617.0495,1642.7068,1771.15,57.4,3.2408,43086.46,7837450.019,0.898366
600519.SH,20230726,1642.7068,1649.3907,1630.6058,1642.7068,1828.55,0.0,0.0,19611.45,3580171.484,0.898366
600519.SH,20230727,1649.3997,1666.2799,1642.8416,1651.2233,1828.55,9.48,0.5184,20340.43,3749635.29,0.898366
600519.SH,20230728,1645.8062,1706.8951,1642.2217,1704.2,1838.03,58.97,3.2083,39017.92,7330314.112,0.898366
600519.SH,20230731,1714.082,1738.3379,1683.5376,1689.4488,1897.0,-16.42,-0.8656,45378.61,8615279.839,0.898366
600519.SH,20230801,1687.14,1713.1387,1687.0322,1697.013,1880.58,8.42,0.4477,19230.62,3635857.283,0.898366
600519.SH,20230802,1691.9822,1697.9114,1677.0693,1688.9277,1889.0,-9.0,-0.4764,18508.72,3478674.239,0.898366
600519.SH,20230803,1679.9441,1697.9114,1662.426,1687.5532,1880.0,-1.53,-0.0814,21543.47,4031087.705,0.898366
600519.SH,20230804,1695.953,1712.7524,1690.7245,1701.0287,1878.47,15.0,0.7985,24573.64,4655813.751,0.898366
600519.SH,20230807,1689.7812,1705.0983,1680.8694,1696.0518,1893.47,-5.54,-0.2926,23892.45,4491893.14,0.898366
600519.SH,20230808,1688.9547,1701.2443,1674.6258,1697.9114,1887.93,2.07,0.1096,17736.18,3333559.505,0.898366
600519.SH,20230809,1697.9114,1711.3869,1691.5869,1698.1629,1890.0,0.28,0.0148,18523.46,3506306.394,0.898366
600519.SH,20230810,1690.7245,1697.013,1673.0267,1684.4359,1890.28,-15.28,-0.8083,18436.19,3454219.14,0.898366
600519.SH,20230811,1693.4196,1693.7789,1647.4951,1647.6029,1875.0,-41.0,-2.1867,26786.49,4959166.751,0.898366
600519.SH,20230814,1626.0421,1639.4997,1613.465,1619.7536,1834.0,-31.0,-1.6903,23731.19,4285362.053,0.898366
600519.SH,20230815,1625.1438,1633.2291,1617.9658,1628.7193,1803.0,9.98,0.5535,14817.99,2682125.119,0.898366
600519.SH,20230816,1623.8681,1638.0353,1622.4487,1635.0258,1812.98,7.02,0.3872,13184.31,2396261.791,0.898366
600519.SH,20230817,1622.5205,1647.6029,1618.4509,1642.2576,1820.0,8.05,0.4423,17290.37,3141408.018,0.898366
600519.SH,20230818,1645.7972,1648.4923,1619.3852,1619.3852,1828.05,-25.46,-1.3927,17023.34,3084761.577,0.898366
600519.SH,20230821,1610.7699,1629.6266,1608.1377,1608.9732,1802.59,-11.59,-0.643,18911.81,3405415.645,0.898366
600519.SH,20230822,1617.9479,1619.3583,1591.0238,1606.2781,1791.0,-3.0,-0.1675,26650.36,4763131.152,0.898366
600519.SH,20230823,1614.3634,1617.0585,1590.1794,1593.701,1788.0,-14.0,-0.783,19912.22,3556178.584,0.898366
600519.SH,20230824,1598.7498,1642.2127,1594.5993,1631.7018,1774.0,42.3,2.3844,26055.09,4703417.6,0.898366
600519.SH,20230825,1624.9551,1650.9898,1622.4577,1639.4997,1816.3,8.68,0.4779,18830.86,3433296.756,0.898366
600519.SH,20230828,1705.6194,1705.6194,1645.6984,1648.4743,1824.98,9.99,0.5474,41052.13,7633221.012,0.898366
600519.SH,20230829,1642.2127,1679.1176,1642.2127,1663.1716,1834.97,16.36,0.8916,28950.28,5371260.173,0.898366
600519.SH,20230830,1678.0575,1678.1474,1656.2811,1667.367,1851.33,4.67,0.2523,19811.81,3672570.26,0.898366
600519.SH,20230831,1670.9604,1670.9604,1653.9005,1659.2817,1856.0,-9.0,-0.4849,14820.22,2738445.519,0.898366
600519.SH,20230901,1664.5191,1675.8745,1658.4103,1662.9201,1847.0,4.05,0.2193,13145.19,2438622.738,0.898366
600519.SH,20230904,1673.2962,1688.8738,1665.148,1676.3506,1851.05,14.95,0.8076,23871.0,4453823.216,0.898366
600519.SH,20230905,1678.1474,1678.1474,1668.0857,1669.7926,1866.0,-7.3,-0.3912,15658.74,2915625.961,0.898366
600519.SH,20230906,1669.1637,1676.9435,1661.0874,1671.8588,1858.7,2.3,0.1237,11121.43,2067605.99,0.898366
600519.SH,20230907,1664.3125,1668.1665,1645.0785,1651.1964,1861.0,-23.0,-1.2359,16981.57,3128587.116,0.898366
600519.SH,20230908,1648.4474,1648.4474,1630.4891,1633.6782,1838.0,-19.5,-1.0609,12211.78,2224338.144,0.898366
600519.SH,20230911,1624.2454,1652.9931,1624.2454,1636.9753,1818.5,3.67,0.2018,15926.0,2902617.736,0.898366
600519.SH,20230912,1640.955,1641.2964,1631.4503,1634.9899,1822.17,-2.21,-0.1213,12168.01,2214514.112,0.898366
600519.SH,20230913,1643.9376,1643.9376,1617.1034,1634.9449,1819.96,-0.05,-0.0027,19501.43,3540583.633,0.898366
600519.SH,20230914,1637.2987,1641.2964,1622.4487,1633.8489,1819.91,-1.22,-0.067,17504.59,3180447.848,0.898366
600519.SH,20230915,1634.1274,1634.8282,1600.259,1600.8789,1818.69,-36.7,-2.0179,28431.46,5105749.077,0.898366
600519.SH,20230918,1595.7762,1643.5603,1592.8026,1643.2908,1781.99,47.21,2.6493,32558.92,5905121.0,0.898366
600519.SH,20230919,1637.0022,1643.1111,1624.2454,1641.2605,1829.2,-2.26,-0.1236,14989.5,2727858.953,0.898366
600519.SH,20230920,1636.8225,1644.0095,1633.274,1638.6193,1826.94,-2.94,-0.1609,12501.78,2281583.949,0.898366
600519.SH,20230921,1633.238,1636.8225,1615.6121,1615.6121,1824.0,-25.61,-1.4041,19489.19,3521486.755,0.898366
600519.SH,20230922,1622.1163,1661.9408,1610.2399,1661.0784,1798.39,50.61,2.8142,34390.46,6287832.575,0.898366
600519.SH,20230925,1659.7309,1660.18,1640.946,1646.1476,1849.0,-16.62,-0.8989,13979.13,2565773.541,0.898366
600519.SH,20230926,1642.2127,1648.3935,1628.8271,1631.4323,1832.38,-16.38,-0.8939,15761.96,2870852.363,0.898366
600519.SH,20230927,1630.534,1647.1537,1619.5739,1629.6356,1816.0,-2.0,-0.1101,20879.94,3791876.119,0.898366
600519.SH,20230928,1639.4997,1639.4997,1615.0821,1615.7559,1814.0,-15.45,-0.8517,20537.84,3704812.96,0.898366
600519.SH,20231009,1614.3095,1614.3095,1585.5258,1596.3961,1798.55,-21.55,-1.1982,29762.68,5279950.406,0.898366
600519.SH,20231010,1601.6874,1616.1421,1588.3108,1590.1075,1777.0,-7.0,-0.3939,20283.92,3615557.182,0.898366
600519.SH,20231011,1603.2686,1603.2686,1588.3108,1597.7436,1770.0,8.5,0.4802,21944.86,3896568.648,0.898366
600519.SH,20231012,1615.1719,1615.4684,1596.5757,1604.4814,1778.5,7.5,0.4217,14865.07,2657095.942,0.898366
600519.SH,20231013,1590.8981,1597.3034,1561.5305,1573.0386,1786.0,-35.0,-1.9597,25027.88,4387687.934,0.898366
600519.SH,20231016,1573.0206,1577.5304,1547.3902,1554.083,1751.0,-21.1,-1.205,20789.65,3603604.61,0.898366
600519.SH,20231017,1562.2582,1562.6534,1541.5958,1550.5794,1729.9,-3.9,-0.2254,14945.23,2577312.288,0.898366
600519.SH,20231018,1544.1112,1564.9533,1542.6558,1552.3761,1726.0,2.0,0.1159,20317.5,3511987.514,0.898366
600519.SH,20231019,1527.2219,1527.2489,1460.7698,1464.3363,1728.0,-98.0,-5.6713,73492.37,12146921.769,0.898366
600519.SH,20231020,1464.3363,1486.7954,1451.9838,1477.8118,1630.0,15.0,0.9202,45376.01,7421390.806,0.898366
600519.SH,20231023,1464.3093,1491.2873,1456.79,1476.8954,1645.0,-1.02,-0.062,25234.23,4138279.588,0.898366
600519.SH,20231024,1480.5069,1485.3221,1456.4397,1475.9701,1643.98,-1.03,-0.0627,29861.46,4894807.617,0.898366
600519.SH,20231025,1500.3697,1525.4252,1497.5938,1507.0087,1642.95,34.55,2.1029,36178.98,6075417.064,0.898366
600519.SH,20231026,1497.5758,1516.4415,1493.093,1502.2743,1677.5,-5.27,-0.3142,22386.35,3741418.874,0.898366
600519.SH,20231027,1494.8807,1519.9272,1491.8263,1506.299,1672.23,4.48,0.2679,34262.39,5754795.486,0.898366
600519.SH,20231030,1499.3726,1517.2321,1499.3726,1510.1529,1676.71,4.29,0.2559,24086.42,4050573.178,0.898366
600519.SH,20231031,1509.2546,1518.2382,1498.3394,1513.3691,1681.0,3.58,0.213,19858.77,3335804.699,0.898366
600519.SH,20231101,1661.9768,1661.9768,1593.5123,1599.9805,1684.58,96.41,5.7231,93143.08,16747292.689,0.898366
600519.SH,20231102,1612.5667,1612.5667,1595.5516,1598.642,1780.99,-1.49,-0.0837,27907.64,4982090.753,0.898366
600519.SH,20231103,1599.0912,1630.4351,1593.701,1627.1561,1779.5,31.74,1.7836,30176.0,5433116.881,0.898366
600519.SH,20231106,1635.0258,1638.4306,1618.0647,1627.8389,1811.24,0.76,0.042,25523.92,4624102.375,0.898366
600519.SH,20231107,1621.5503,1626.0421,1602.7565,1609.1259,1812.0,-20.83,-1.1496,19581.59,3511590.028,0.898366
600519.SH,20231108,1602.7295,1620.4723,1601.6695,1615.5672,1791.17,7.17,0.4003,14545.67,2610041.959,0.898366
600519.SH,20231109,1608.1736,1616.1601,1601.7863,1611.7671,1798.34,-4.23,-0.2352,12800.48,2291996.819,0.898366
600519.SH,20231110,1599.5853,1606.2781,1592.8924,1595.354,1794.11,-18.27,-1.0183,16465.57,2928380.668,0.898366
600519.SH,20231113,1592.1558,1603.4752,1578.4108,1584.7173,1775.84,-11.84,-0.6667,18369.95,3244573.621,0.898366
600519.SH,20231114,1584.7173,1594.5904,1581.1328,1585.8582,1764.0,1.27,0.072,12816.75,2263963.957,0.898366
600519.SH,20231115,1598.1928,1601.6874,1587.4124,1592.7397,1765.27,7.66,0.4339,18434.86,3271230.275,0.898366
600519.SH,20231116,1593.701,1595.4977,1581.1688,1581.1688,1772.93,-12.88,-0.7265,12557.57,2215937.273,0.898366
600519.SH,20231117,1573.9369,1580.2255,1561.27,1575.2126,1760.05,-6.63,-0.3767,21713.63,3793781.119,0.898366
600519.SH,20231120,1576.632,1589.6583,1560.156,1583.3698,1753.42,9.08,0.5178,18608.04,3265514.01,0.898366
600519.SH,20231121,1602.1636,1615.2617,1590.1973,1608.0748,1762.5,27.5,1.5603,30098.45,5383107.81,0.898366
600519.SH,20231122,1602.0558,1611.9827,1599.5763,1600.4477,1790.0,-8.49,-0.4743,12664.57,2263460.167,0.898366
600519.SH,20231123,1597.5639,1606.2781,1591.0059,1604.4814,1781.51,4.49,0.252,11549.64,2055272.193,0.898366
600519.SH,20231124,1607.1765,1607.1765,1594.5993,1596.3961,1786.0,-9.0,-0.5039,13085.4,2329345.658,0.898366
600519.SH,20231127,1593.0721,1593.0721,1576.632,1583.8189,1777.0,-14.0,-0.7878,16260.74,2865075.217,0.898366
600519.SH,20231128,1582.0222,1593.5932,1579.3271,1589.2451,1763.0,6.04,0.3426,14519.76,2562905.659,0.898366
600519.SH,20231129,1588.3108,1595.4977,1579.3271,1594.3388,1769.04,5.67,0.3205,17149.33,3034175.614,0.898366
600519.SH,20231130,1596.1445,1612.351,1591.0777,1609.4224,1774.71,16.79,0.9461,21353.42,3817513.545,0.898366
600519.SH,20231201,1607.455,1607.8053,1570.3435,1581.3754,1791.5,-31.22,-1.7427,33051.31,5830850.111,0.898366
600519.SH,20231204,1581.3754,1582.7679,1567.8999,1572.778,1760.28,-9.57,-0.5437,18440.47,3233102.118,0.898366
600519.SH,20231205,1571.0442,1571.134,1534.4268,1535.3072,1750.71,-41.71,-2.3825,29903.01,5168983.317,0.898366
600519.SH,20231206,1529.5846,1544.7131,1528.2371,1529.917,1709.0,-6.0,-0.3511,23851.29,4078003.022,0.898366
600519.SH,20231207,1530.8154,1535.3791,1515.8127,1527.2219,1703.0,-3.0,-0.1762,25041.5,4249170.906,0.898366
600519.SH,20231208,1527.2219,1535.1635,1520.2326,1531.6419,1700.0,4.92,0.2894,26288.01,4474160.126,0.898366
600519.SH,20231211,1518.2382,1530.8154,1488.5922,1525.4252,1704.92,-6.92,-0.4059,36830.98,6172810.248,0.898366
600519.SH,20231212,1516.0822,1536.1966,1512.848,1536.1966,1698.0,11.99,0.7061,21010.66,3564305.866,0.898366
600519.SH,20231213,1531.9114,1532.3606,1488.664,1491.2873,1709.99,-49.99,-2.9234,38788.7,6480807.5,0.898366
600519.SH,20231214,1496.6415,1500.1541,1468.8461,1469.6366,1660.0,-24.1,-1.4518,40672.15,6703240.107,0.898366
600519.SH,20231215,1480.7135,1507.2512,1476.9224,1477.8118,1635.9,9.1,0.5563,37092.51,6140791.726,0.898366
600519.SH,20231218,1473.3199,1494.2788,1468.8281,1493.084,1645.0,17.0,1.0334,19897.34,3292194.757,0.898366
600519.SH,20231219,1495.7791,1509.1378,1477.8926,1504.7628,1662.0,13.0,0.7822,22206.76,3706057.587,0.898366
600519.SH,20231220,1506.6802,1508.4976,1493.0492,1499.2195,1655.89,-6.1,-0.3684,23092.03,3816133.219,0.908734
600519.SH,20231221,1490.3321,1519.6932,1490.3321,1517.585,1649.79,20.21,1.225,29011.68,4827827.888,0.908734
600519.SH,20231222,1517.3124,1525.8545,1506.6893,1518.1757,1670.0,0.65,0.0389,21666.84,3613238.325,0.908734
600519.SH,20231225,1518.4937,1525.4001,1515.7675,1519.4025,1670.65,1.35,0.0808,12471.06,2086014.39,0.908734
600519.SH,20231226,1519.8568,1522.0378,1506.2258,1517.585,1672.0,-2.0,-0.1196,14771.26,2457177.339,0.908734
600519.SH,20231227,1515.7675,1524.0824,1509.4064,1514.9133,1670.0,-2.94,-0.176,16055.5,2679221.365,0.908734
600519.SH,20231228,1518.4846,1570.2824,1514.9133,1567.5562,1667.06,57.93,3.475,38338.06,6537401.38,0.908734
600519.SH,20231229,1563.0217,1589.902,1563.0217,1568.4741,1724.99,1.01,0.0586,27538.68,4768857.531,0.908734
600519.SH,20240102,1558.478,1561.3769,1524.9457,1531.2251,1726.0,-40.99,-2.3749,32156.44,5440082.548,0.908734
600519.SH,20240103,1527.681,1540.5032,1523.3373,1539.3946,1685.01,8.99,0.5335,20229.29,3411400.667,0.908734
600519.SH,20240104,1538.4859,1538.4859,1511.1602,1516.6763,1694.0,-25.0,-1.4758,21551.07,3603970.147,0.908734
600519.SH,20240105,1509.7063,1525.4546,1501.3277,1511.551,1669.0,-5.64,-0.3379,20242.86,3373155.627,0.908734
600519.SH,20240108,1509.4064,1510.3151,1490.3321,1493.9488,1663.36,-19.37,-1.1645,25586.2,4211918.629,0.908734
600519.SH,20240109,1491.2408,1501.5186,1485.8429,1491.2317,1643.99,-2.99,-0.1819,24412.04,4009826.496,0.908734
600519.SH,20240110,1491.3226,1508.0069,1488.5055,1491.6861,1641.0,0.5,0.0305,17350.67,2856120.718,0.908734
600519.SH,20240111,1490.4139,1506.6257,1488.56,1496.2934,1641.5,5.07,0.3089,16440.55,2708764.5,0.908734
600519.SH,20240112,1490.2957,1500.5553,1489.7777,1493.1037,1646.57,-3.51,-0.2132,11603.24,1908084.612,0.908734
600519.SH,20240115,1485.7793,1503.9267,1485.2795,1490.323,1643.06,-3.06,-0.1862,17854.03,2931202.343,0.908734
600519.SH,20240116,1488.9599,1496.6841,1476.6375,1489.805,1640.0,-0.57,-0.0348,25903.14,4236042.96,0.908734
600519.SH,20240117,1481.2356,1486.2155,1433.0728,1433.0728,1639.43,-62.43,-3.808,51632.76,8251735.591,0.908734
600519.SH,20240118,1430.3466,1465.6054,1413.5804,1463.8516,1577.0,33.87,2.1477,60439.81,9566349.514,0.908734
600519.SH,20240119,1462.0341,1488.5146,1454.7733,1485.7793,1610.87,24.13,1.4979,46378.43,7550144.389,0.908734
600519.SH,20240122,1480.3269,1493.0492,1471.1305,1492.1404,1635.0,7.0,0.4281,46945.89,7678297.836,0.908734
600519.SH,20240123,1483.0622,1490.2775,1462.1522,1471.2396,1642.0,-23.0,-1.4007,34834.9,5659457.115,0.908734
600519.SH,20240124,1480.3269,1484.7252,1457.2087,1477.6007,1619.0,7.0,0.4324,33216.35,5373603.703,0.908734
600519.SH,20240125,1478.3459,1491.2317,1473.9658,1488.5055,1626.0,12.0,0.738,31205.8,5094508.165,0.908734
600519.SH,20240126,1481.5628,1494.0488,1474.8745,1487.8876,1638.0,-0.68,-0.0415,26954.75,4402111.882,0.908734
600519.SH,20240129,1490.5956,1509.0247,1490.5865,1499.4103,1637.32,12.68,0.7744,31420.68,5189014.946,0.908734
600519.SH,20240130,1499.3921,1499.3921,1463.061,1465.7872,1650.0,-37.0,-2.2424,30866.33,5010784.454,0.908734
600519.SH,20240131,1465.7872,1472.121,1452.2743,1458.4355,1613.0,-8.09,-0.5015,29649.12,4770104.891,0.908734
600519.SH,20240201,1458.9717,1475.6833,1454.8824,1463.0882,1604.91,5.12,0.319,26485.15,4272298.576,0.908734
600519.SH,20240202,1467.6046,1479.2183,1436.7077,1450.3387,1610.03,-14.03,-0.8714,39382.02,6336691.194,0.908734
600519.SH,20240205,1450.3387,1487.9966,1449.6572,1481.2447,1596.0,34.01,2.131,53130.36,8590683.071,0.908734
600519.SH,20240206,1481.2447,1531.6522,1477.6916,1523.0374,1630.01,45.99,2.8215,52472.04,8740646.588,0.908734
600519.SH,20240207,1527.6083,1558.1054,1509.9607,1554.834,1676.0,34.99,2.0877,52601.07,8899606.867,0.908734
600519.SH,20240208,1563.0307,1567.5653,1531.216,1550.2994,1710.99,-4.99,-0.2916,46756.54,7953438.044,0.908734
600519.SH,20240219,1579.2607,1579.3153,1533.9422,1540.6941,1706.0,-10.57,-0.6196,36977.44,6288277.98,0.908734
600519.SH,20240220,1542.4479,1542.4479,1505.3716,1517.585,1695.43,-25.43,-1.4999,34470.07,5755266.893,0.908734
600519.SH,20240221,1513.9682,1573.0177,1510.3151,1560.8952,1670.0,47.66,2.8539,46154.07,7868784.082,0.908734
600519.SH,20240222,1551.6625,1565.7569,1545.3286,1561.5495,1717.66,0.72,0.0419,22793.61,3905984.695,0.908734
600519.SH,20240223,1554.943,1567.0019,1544.8652,1557.651,1718.38,-4.29,-0.2497,27305.89,4670706.95,0.908734
600519.SH,20240226,1552.1169,1552.7893,1531.2342,1540.2851,1714.09,-19.11,-1.1149,27318.32,4625594.409,0.908734
600519.SH,20240227,1529.3985,1538.4132,1524.8549,1535.3053,1694.98,-5.48,-0.3233,22079.85,3718478.358,0.908734
600519.SH,20240228,1534.7782,1541.73,1521.229,1528.0809,1689.5,-7.95,-0.4706,31867.31,5371312.847,0.908734
600519.SH,20240229,1528.0809,1541.6664,1525.9453,1540.3033,1681.55,13.45,0.7999,24758.33,4184917.973,0.908734
600519.SH,20240301,1535.7597,1540.2761,1523.6553,1531.2705,1695.0,-9.94,-0.5864,26867.96,4526845.398,0.908734
600519.SH,20240304,1525.7636,1527.572,1517.6304,1523.31,1685.06,-8.76,-0.5199,26484.77,4434401.015,0.908734
600519.SH,20240305,1518.3211,1542.1208,1514.568,1540.3942,1676.3,18.8,1.1215,36238.37,6102136.582,0.908734
600519.SH,20240306,1536.6684,1540.3033,1524.873,1527.1721,1695.1,-14.55,-0.8584,22142.48,3725582.802,0.908734
600519.SH,20240307,1526.6723,1535.5779,1524.8549,1529.971,1680.55,3.08,0.1833,21599.12,3633934.774,0.908734
600519.SH,20240308,1527.1812,1532.7427,1517.6304,1518.8845,1683.63,-12.2,-0.7246,22156.23,3710678.522,0.908734
600519.SH,20240311,1522.1287,1543.8292,1520.4748,1539.8399,1671.43,23.06,1.3797,29895.09,5048394.347,0.908734
600519.SH,20240312,1539.3401,1589.4658,1536.214,1585.74,1694.49,50.51,2.9808,54226.54,9393309.052,0.908734
600519.SH,20240313,1581.1691,1588.4662,1563.1125,1569.7917,1745.0,-17.55,-1.0057,26499.54,4588879.42,0.908734
600519.SH,20240314,1562.1129,1576.5073,1555.2974,1559.9592,1727.45,-10.82,-0.6264,19404.79,3338768.308,0.908734
600519.SH,20240315,1556.2062,1574.29,1555.7518,1560.7407,1716.63,0.86,0.0501,17833.58,3066692.399,0.908734
600519.SH,20240318,1558.478,1562.8853,1543.9383,1552.3531,1717.49,-9.23,-0.5374,26055.01,4446059.13,0.908734
600519.SH,20240319,1547.5732,1562.9671,1538.5858,1552.135,1708.26,-0.24,-0.014,23947.53,4093701.261,0.908734
600519.SH,20240320,1547.9003,1557.2785,1545.056,1553.5708,1708.02,1.58,0.0925,15249.25,2604543.856,0.908734
600519.SH,20240321,1552.2077,1562.1129,1548.9363,1553.0256,1709.6,-0.6,-0.0351,16595.97,2839332.631,0.908734
600519.SH,20240322,1549.4179,1553.0165,1533.9422,1546.0738,1709.0,-7.65,-0.4476,25456.14,4318592.818,0.908734
600519.SH,20240325,1543.5202,1543.7292,1527.1994,1534.86,1701.35,-12.34,-0.7253,24472.85,4131446.237,0.908734
600519.SH,20240326,1533.4515,1556.4788,1533.4515,1553.2891,1689.01,20.28,1.2007,28069.07,4782899.074,0.908734
600519.SH,20240327,1549.3907,1555.7518,1543.9383,1545.7557,1709.29,-8.29,-0.485,18112.58,3087792.98,0.908734
600519.SH,20240328,1540.3033,1561.2042,1538.6676,1546.3373,1701.0,0.64,0.0376,24642.18,4201857.059,0.908734
600519.SH,20240329,1546.3373,1554.834,1543.1204,1547.4823,1701.64,1.26,0.074,13456.55,2290584.417,0.908734
600519.SH,20240401,1553.9252,1575.7439,1552.753,1564.2303,1702.9,18.43,1.0823,27131.37,4679371.035,0.908734
600519.SH,20240402,1564.8391,1567.5562,1549.4361,1557.5602,1721.33,-7.34,-0.4264,25449.25,4360973.684,0.908734
600519.SH,20240403,1575.7439,1580.6874,1553.9525,1558.578,1713.99,1.12,0.0653,29045.8,5002390.042,0.908734
600519.SH,20240408,1540.3033,1541.2121,1510.8604,1514.5498,1715.11,-48.45,-2.8249,59166.59,9907355.766,0.908734
600519.SH,20240409,1509.1065,1520.3112,1507.0891,1510.515,1666.66,-4.44,-0.2664,25589.82,4256226.333,0.908734
600519.SH,20240410,1510.5605,1513.0322,1494.8666,1497.5747,1662.22,-14.24,-0.8567,27630.5,4562853.88,0.908734
600519.SH,20240411,1490.4229,1499.4103,1485.4976,1497.5928,1647.98,0.02,0.0012,22766.24,3736417.595,0.908734
600519.SH,20240412,1500.319,1512.1326,1484.8978,1484.8978,1648.0,-13.97,-0.8477,26744.33,4403968.129,0.908734
600519.SH,20240415,1485.7884,1522.683,1485.7611,1520.293,1634.03,38.95,2.3837,35817.71,5960815.532,0.908734
600519.SH,20240416,1513.4866,1526.2725,1507.5889,1517.585,1672.98,-2.98,-0.1781,26266.23,4382796.962,0.908734
600519.SH,20240417,1515.7675,1522.3104,1506.6802,1514.8588,1670.0,-3.0,-0.1796,24819.11,4130322.018,0.908734
600519.SH,20240418,1507.598,1529.3803,1506.8438,1518.2938,1667.0,3.78,0.2268,26568.41,4445487.745,0.908734
600519.SH,20240419,1509.2065,1516.2219,1491.4862,1496.357,1670.78,-24.14,-1.4448,23499.92,3879233.242,0.908734
600519.SH,20240422,1503.0452,1525.6545,1494.8666,1522.1832,1646.64,28.42,1.7259,29951.39,5001684.635,0.908734
600519.SH,20240423,1522.1287,1540.3033,1522.1287,1537.8316,1675.06,17.22,1.028,24979.95,4217855.279,0.908734
600519.SH,20240424,1542.1026,1544.7652,1529.6984,1539.0311,1692.28,1.32,0.078,17086.43,2893555.635,0.908734
600519.SH,20240425,1536.0595,1540.8486,1528.717,1538.5222,1693.6,-0.56,-0.0331,14476.48,2447183.879,0.908734
600519.SH,20240426,1539.3946,1557.5693,1539.3764,1553.4163,1693.04,16.39,0.9681,30995.92,5290248.521,0.908734
600519.SH,20240429,1542.0754,1570.2915,1539.231,1548.4819,1709.43,-5.43,-0.3176,41332.23,7072096.59,0.908734
600519.SH,20240430,1549.3997,1571.9999,1549.3907,1549.3907,1704.0,1.0,0.0587,30759.89,5273902.374,0.908734
600519.SH,20240506,1575.7167,1603.9147,1569.3828,1599.5527,1705.0,55.2,3.2375,59909.49,10504351.712,0.908734
600519.SH,20240507,1604.6326,1615.5465,1596.354,1608.4583,1760.2,9.8,0.5568,24924.52,4413196.426,0.908734
600519.SH,20240508,1608.1766,1608.4311,1595.4362,1602.9787,1770.0,-6.03,-0.3407,14769.09,2603293.863,0.908734
600519.SH,20240509,1597.5535,1603.8965,1590.2837,1595.7361,1763.97,-7.97,-0.4518,22387.34,3929804.849,0.908734
600519.SH,20240510,1600.3706,1606.5318,1575.7348,1580.2694,1756.0,-17.02,-0.9692,26206.61,4571398.242,0.908734
600519.SH,20240513,1573.9446,1574.5262,1545.9556,1550.2994,1738.98,-32.98,-1.8965,37662.12,6435415.674,0.908734
600519.SH,20240514,1550.2903,1556.9059,1544.8561,1546.6463,1706.0,-4.02,-0.2356,21274.17,3623282.672,0.908734
600519.SH,20240515,1547.1915,1552.1169,1543.5657,1544.847,1701.98,-1.98,-0.1163,15738.76,2677203.002,0.908734
600519.SH,20240516,1549.3907,1553.8253,1535.7597,1548.9363,1700.0,4.5,0.2647,29679.54,5048754.769,0.908734
600519.SH,20240517,1544.8561,1559.9138,1544.847,1558.478,1704.5,10.5,0.616,28923.88,4936920.634,0.908734
600519.SH,20240520,1561.1951,1574.8261,1552.2168,1553.0256,1715.0,-6.0,-0.3499,31425.72,5401389.335,0.908734
600519.SH,20240521,1552.1169,1553.689,1543.1749,1549.3907,1709.0,-4.0,-0.2341,16293.39,2776847.499,0.908734
600519.SH,20240522,1547.5732,1553.898,1536.6684,1542.766,1705.0,-7.29,-0.4276,20285.68,3443977.767,0.908734
600519.SH,20240523,1544.847,1550.6447,1535.8324,1537.5862,1697.71,-5.7,-0.3357,18884.97,3199923.32,0.908734
600519.SH,20240524,1538.4859,1540.3033,1523.9461,1524.0188,1692.01,-14.93,-0.8824,20216.63,3401323.915,0.908734
600519.SH,20240527,1524.8549,1533.4424,1515.7766,1517.694,1677.08,-6.96,-0.415,25097.91,4199001.866,0.908734
600519.SH,20240528,1517.9485,1522.2831,1511.2238,1512.7142,1670.12,-5.48,-0.3281,23520.87,3923020.375,0.908734
600519.SH,20240529,1513.95,1526.6723,1513.0413,1521.2199,1664.64,9.36,0.5623,19651.28,3289173.345,0.908734
600519.SH,20240530,1522.1287,1522.474,1498.5016,1498.5016,1674.0,-25.0,-1.4934,32207.92,5333306.808,0.908734
600519.SH,20240531,1499.8647,1511.6782,1498.0018,1498.0018,1649.0,-0.55,-0.0334,21856.65,3617654.788,0.908734
600519.SH,20240603,1499.4103,1500.2463,1485.8793,1489.7687,1648.45,-9.06,-0.5496,30261.05,4966041.477,0.908734
600519.SH,20240604,1490.7773,1504.8627,1487.1878,1502.3183,1639.39,13.81,0.8424,20841.08,3432497.303,0.908734
600519.SH,20240605,1501.2278,1507.2981,1493.0764,1493.9579,1653.2,-9.2,-0.5565,19055.57,3140824.328,0.908734
600519.SH,20240606,1493.6489,1501.2187,1486.6063,1490.1503,1644.0,-4.19,-0.2549,25610.05,4205700.983,0.908734
600519.SH,20240607,1495.8935,1495.939,1471.2487,1471.4031,1639.81,-20.63,-1.2581,33524.55,5453120.695,0.908734
600519.SH,20240611,1456.6908,1458.5173,1423.9854,1425.8029,1619.18,-50.18,-3.0991,70246.76,11090577.61,0.908734
600519.SH,20240612,1426.7116,1444.8863,1426.7116,1428.2383,1569.0,2.68,0.1708,33170.5,5230086.503,0.908734
600519.SH,20240613,1432.8638,1432.9728,1411.3995,1413.0897,1571.68,-16.67,-1.0606,36185.97,5654938.942,0.908734
600519.SH,20240614,1413.0806,1421.2229,1381.693,1413.0806,1555.01,-0.01,-0.0006,59514.16,9177637.168,0.908734
600519.SH,20240617,1392.4433,1407.4192,1373.1054,1400.8127,1555.0,-13.5,-0.8682,48318.16,7400883.243,0.908734
600519.SH,20240618,1391.1711,1412.6626,1378.258,1382.6381,1541.5,-20.0,-1.2974,41258.25,6317590.943,0.908734
600519.SH,20240619,1389.4742,1395.0488,1374.7353,1392.2661,1490.62,10.38,0.6964,41261.53,6167728.416,0.927559
600519.SH,20240620,1391.3386,1406.1888,1389.4834,1391.4313,1501.0,-0.9,-0.06,24710.68,3715924.984,0.927559
600519.SH,20240621,1391.8023,1395.9578,1363.7159,1364.4393,1500.1,-29.1,-1.9399,43319.97,6418543.742,0.927559
600519.SH,20240624,1319.9165,1381.1261,1311.5778,1369.5873,1471.0,5.55,0.3773,63839.93,9319362.39,0.927559
600519.SH,20240625,1370.0047,1394.112,1370.0047,1378.9556,1476.55,10.1,0.684,42097.95,6273919.386,0.927559
600519.SH,20240626,1372.7874,1392.331,1370.7467,1381.3395,1486.65,2.57,0.1729,29569.77,4414601.922,0.927559
600519.SH,20240627,1383.9181,1385.7454,1361.6567,1382.5175,1489.22,1.27,0.0853,32821.78,4857959.457,0.927559
600519.SH,20240628,1372.7874,1386.2277,1357.9464,1361.0909,1490.49,-23.1,-1.5498,38582.02,5699649.047,0.927559
600519.SH,20240701,1362.4729,1366.2852,1324.5543,1336.0375,1467.39,-27.01,-1.8407,32161.38,4636689.118,0.927559
600519.SH,20240702,1329.1921,1389.4834,1329.1921,1382.7123,1440.38,50.32,3.4935,51852.98,7659166.816,0.927559
600519.SH,20240703,1390.411,1403.4061,1380.2264,1391.3386,1490.7,9.3,0.6239,31573.26,4740808.13,0.927559
600519.SH,20240704,1395.9764,1402.4693,1373.8355,1378.1116,1500.0,-14.26,-0.9507,24379.73,3637968.895,0.927559
600519.SH,20240705,1371.8598,1385.0126,1344.9606,1347.7433,1485.74,-32.74,-2.2036,38829.38,5664477.336,0.927559
600519.SH,20240708,1338.4677,1352.1677,1316.3361,1317.1338,1453.0,-33.0,-2.2712,39527.05,5657951.348,0.927559
600519.SH,20240709,1317.1338,1349.4964,1307.951,1333.8577,1420.0,18.03,1.2697,33620.71,4807957.927,0.927559
600519.SH,20240710,1334.9893,1359.6902,1331.0472,1333.4496,1438.03,-0.44,-0.0306,23763.22,3436693.365,0.927559
600519.SH,20240711,1344.9328,1362.5842,1335.8798,1356.1748,1437.59,24.5,1.7042,29020.14,4236960.596,0.927559
600519.SH,20240712,1366.3037,1378.7238,1359.2914,1371.6929,1462.09,16.73,1.1443,23386.34,3451132.648,0.927559
600519.SH,20240715,1363.5118,1380.2079,1363.5118,1368.0568,1478.82,-3.92,-0.2651,19176.26,2835374.73,0.927559
600519.SH,20240716,1369.0771,1374.6425,1358.9204,1369.0771,1474.9,1.1,0.0746,20316.44,2998367.128,0.927559
600519.SH,20240717,1369.1699,1394.1212,1363.5303,1392.6371,1476.0,25.4,1.7209,34311.01,5115680.654,0.927559
600519.SH,20240718,1390.8748,1405.2519,1384.4097,1389.0289,1501.4,-3.89,-0.2591,28870.39,4337214.601,0.927559
600519.SH,20240719,1382.8143,1418.4047,1376.5069,1415.1026,1497.51,28.11,1.8771,38942.91,5888615.145,0.927559
600519.SH,20240722,1414.5554,1419.1468,1383.5934,1390.411,1525.62,-26.62,-1.7449,28543.21,4300813.31,0.927559
600519.SH,20240723,1390.411,1392.2661,1349.5984,1349.5984,1499.0,-44.0,-2.9353,30943.96,4555460.198,0.927559
600519.SH,20240724,1345.1461,1357.6682,1331.0472,1335.7036,1455.0,-14.98,-1.0296,24122.55,3490200.973,0.927559
600519.SH,20240725,1335.7036,1343.1055,1317.1431,1326.8639,1440.02,-9.53,-0.6618,28346.56,4054086.714,0.927559
600519.SH,20240726,1326.8639,1333.5702,1308.693,1319.1652,1430.49,-8.3,-0.5802,32353.79,4594928.574,0.927559
600519.SH,20240729,1312.496,1318.9797,1296.7275,1296.7461,1422.19,-24.17,-1.6995,30869.07,4342610.1,0.927559
600519.SH,20240730,1285.5783,1289.5575,1262.6861,1280.0222,1398.02,-18.03,-1.2897,51779.04,7103491.566,0.927559
600519.SH,20240731,1273.6313,1323.8772,1273.6313,1318.3211,1379.99,41.29,2.9921,43272.32,6098149.721,0.927559
600519.SH,20240801,1315.2787,1317.1338,1284.391,1285.7452,1421.28,-35.12,-2.471,32038.1,4470988.088,0.927559
600519.SH,20240802,1274.0951,1295.7722,1274.0951,1285.0867,1386.16,-0.71,-0.0512,21927.69,3041726.372,0.927559
600519.SH,20240805,1288.2682,1322.6992,1285.1516,1307.8675,1385.45,24.56,1.7727,37736.07,5327127.147,0.927559
600519.SH,20240806,1318.989,1320.8441,1293.0266,1302.9422,1410.01,-5.31,-0.3766,27444.33,3860735.014,0.927559
600519.SH,20240807,1303.6842,1318.9797,1297.0058,1312.9598,1404.7,10.8,0.7688,20622.21,2910580.747,0.927559
600519.SH,20240808,1308.7858,1343.2724,1306.9307,1327.0494,1415.5,15.19,1.0731,25130.82,3592705.43,0.927559
600519.SH,20240809,1354.264,1362.5842,1332.7168,1332.7168,1430.69,6.11,0.4271,30138.49,4368705.515,0.927559
600519.SH,20240812,1326.4094,1338.4677,1323.2372,1332.0675,1436.8,-0.7,-0.0487,13632.03,1956573.438,0.927559
600519.SH,20240813,1329.1921,1331.0472,1309.7226,1319.9258,1436.1,-13.09,-0.9115,16308.43,2317037.756,0.927559
600519.SH,20240814,1319.9258,1321.6789,1309.7319,1310.9192,1423.01,-9.71,-0.6824,13414.31,1898377.426,0.927559
600519.SH,20240815,1303.2483,1331.9655,1302.2465,1323.5247,1413.3,13.59,0.9616,23038.97,3275699.572,0.927559
600519.SH,20240816,1323.432,1331.9006,1314.3604,1327.5225,1426.89,4.31,0.3021,16454.7,2349825.846,0.927559
600519.SH,20240819,1328.2645,1353.1973,1321.7716,1322.1798,1431.2,-5.76,-0.4025,20432.79,2942106.435,0.927559
600519.SH,20240820,1326.3167,1326.3445,1311.5685,1319.6568,1425.44,-2.72,-0.1908,18591.38,2644814.344,0.927559
600519.SH,20240821,1317.1338,1324.5358,1313.1361,1314.8891,1422.72,-5.14,-0.3613,15091.65,2144746.551,0.927559
600519.SH,20240822,1313.4236,1317.1338,1298.5919,1307.9046,1417.58,-7.53,-0.5312,19527.29,2750868.073,0.927559
600519.SH,20240823,1306.0031,1320.3803,1304.2593,1312.4868,1410.05,4.94,0.3503,15320.46,2166499.202,0.927559
600519.SH,20240826,1314.3512,1320.7142,1301.5045,1309.7134,1414.99,-2.99,-0.2113,15628.41,2207595.461,0.927559
600519.SH,20240827,1309.7134,1310.6409,1299.6122,1302.3578,1412.0,-7.93,-0.5616,13657.4,1920770.57,0.927559
600519.SH,20240828,1302.3578,1304.148,1275.3937,1288.3795,1404.07,-15.07,-1.0733,31663.51,4388025.875,0.927559
600519.SH,20240829,1280.0315,1315.2787,1280.0315,1310.9192,1389.0,24.3,1.7495,27471.61,3864270.621,0.927559
600519.SH,20240830,1310.6409,1352.446,1303.2205,1338.6439,1413.3,29.89,2.1149,38739.23,5576118.649,0.927559
600519.SH,20240902,1326.4094,1333.8299,1293.9449,1293.9449,1443.19,-48.19,-3.3391,34134.59,4801049.927,0.927559
600519.SH,20240903,1296.7275,1312.4775,1292.1083,1307.8582,1395.0,15.0,1.0753,17887.6,2516125.842,0.927559
600519.SH,20240904,1300.4378,1316.3825,1298.3415,1298.5827,1410.0,-10.0,-0.7092,14211.09,1995221.417,0.927559
600519.SH,20240905,1299.0464,1305.0756,1295.8,1303.1091,1400.0,4.88,0.3486,14502.95,2033680.839,0.927559
600519.SH,20240906,1303.2205,1304.148,1296.7275,1296.7275,1404.88,-6.88,-0.4897,10321.04,1445537.257,0.927559
600519.SH,20240909,1280.0408,1292.7483,1270.8301,1275.3937,1398.0,-23.0,-1.6452,28637.55,3950086.825,0.927559
600519.SH,20240910,1270.7744,1292.0897,1270.7744,1278.1764,1375.0,3.0,0.2182,19802.84,2737295.644,0.927559
600519.SH,20240911,1275.9502,1285.4855,1266.1181,1280.0315,1378.0,2.0,0.1451,20995.77,2892932.794,0.927559
600519.SH,20240912,1280.0315,1284.6693,1238.2078,1238.347,1380.0,-44.94,-3.2565,47948.31,6482445.0,0.927559
600519.SH,20240913,1234.5811,1235.5086,1203.3223,1209.6576,1335.06,-30.93,-2.3167,56005.11,7329376.917,0.927559
600519.SH,20240918,1205.8268,1205.836,1174.9019,1175.1245,1304.13,-37.23,-2.8548,46185.31,5895948.011,0.927559
600519.SH,20240919,1170.5795,1199.2225,1155.5809,1169.6519,1266.9,-5.9,-0.4657,59988.21,7623739.997,0.927559
600519.SH,20240920,1170.1157,1181.6175,1159.4766,1172.3604,1261.0,2.92,0.2316,39981.84,5038507.835,0.927559
600519.SH,20240923,1176.1449,1199.7976,1169.3366,1170.1528,1263.92,-2.38,-0.1883,45549.69,5809791.682,0.927559
600519.SH,20240924,1191.9968,1273.5386,1173.4457,1273.1675,1261.54,111.06,8.8035,100412.81,13297277.523,0.927559
600519.SH,20240925,1298.629,1323.6267,1295.531,1297.6551,1372.6,26.4,1.9234,73953.8,10420109.655,0.927559
600519.SH,20240926,1298.5456,1419.0447,1294.8724,1418.2378,1399.0,130.0,9.2924,97278.06,14269262.657,0.927559
600519.SH,20240927,1484.0945,1511.1792,1451.9638,1511.1792,1529.0,100.2,6.5533,87921.67,14050260.569,0.927559
600519.SH,20240930,1569.4299,1632.3926,1532.3275,1621.3732,1629.2,118.8,7.2919,157293.41,26982747.037,0.927559
600519.SH,20241008,1771.6378,1771.6378,1558.4661,1598.1842,1748.0,-25.0,-1.4302,194709.47,35114075.007,0.927559
600519.SH,20241009,1576.8504,1576.8504,1474.8189,1479.5958,1723.0,-127.85,-7.4202,120196.84,19708432.734,0.927559
600519.SH,20241010,1504.7419,1547.2427,1475.7464,1521.1968,1595.15,44.85,2.8116,74603.42,12198964.035,0.927559
600519.SH,20241011,1498.3789,1521.1597,1474.8189,1488.723,1640.0,-35.01,-2.1348,41914.71,6764982.707,0.927559
600519.SH,20241014,1496.1527,1503.23,1466.6285,1485.9403,1604.99,-3.0,-0.1869,44812.02,7181350.822,0.927559
600519.SH,20241015,1483.1669,1485.0127,1440.5085,1441.6586,1601.99,-47.74,-2.98,43571.43,6884141.869,0.927559
600519.SH,20241016,1429.2572,1437.531,1400.6141,1412.2086,1554.25,-31.75,-2.0428,46664.4,7140169.692,0.927559
600519.SH,20241017,1425.6582,1426.2704,1385.2259,1386.3297,1522.5,-27.9,-1.8325,39459.55,5964778.958,0.927559
600519.SH,20241018,1384.8456,1454.2642,1371.8227,1429.3685,1494.6,46.4,3.1045,68619.3,10418043.492,0.927559
600519.SH,20241021,1429.5633,1437.6887,1411.0121,1418.0523,1541.0,-12.2,-0.7917,42007.9,6433918.335,0.927559
600519.SH,20241022,1415.9745,1447.1591,1413.7855,1431.2236,1528.8,14.2,0.9288,36269.13,5607826.492,0.927559
600519.SH,20241023,1432.2532,1462.7142,1421.0204,1453.9488,1543.0,24.5,1.5878,40088.46,6259600.035,0.927559
600519.SH,20241024,1447.9197,1460.9055,1433.088,1439.7571,1567.5,-15.3,-0.9761,23922.8,3723973.209,0.927559
600519.SH,20241025,1434.9338,1460.7107,1434.0156,1445.9254,1552.2,6.65,0.4284,27745.08,4328271.351,0.927559
600519.SH,20241028,1446.9921,1451.6299,1411.9582,1451.6299,1558.85,6.15,0.3945,39121.4,6064453.668,0.927559
600519.SH,20241029,1446.9921,1465.5433,1419.1653,1420.668,1565.0,-33.38,-2.1329,41165.78,6368105.233,0.927559
600519.SH,20241030,1414.5275,1438.8203,1413.0527,1421.0204,1531.62,0.38,0.0248,32005.74,4913175.983,0.927559
600519.SH,20241031,1421.1596,1428.4409,1409.8897,1417.1154,1532.0,-4.21,-0.2748,29957.35,4575545.18,0.927559
600519.SH,20241101,1410.8173,1433.1993,1410.6318,1422.6437,1527.79,5.96,0.3901,32283.92,4954302.212,0.927559
600519.SH,20241104,1433.0138,1437.7165,1417.3659,1436.0469,1533.75,14.45,0.9421,29092.92,4481761.764,0.927559
600519.SH,20241105,1428.4409,1463.4099,1424.74,1462.7513,1548.2,28.79,1.8596,45640.47,7134443.464,0.927559
600519.SH,20241106,1460.9055,1473.882,1448.1237,1457.1953,1576.99,-5.99,-0.3798,37631.43,5916917.616,0.927559
600519.SH,20241107,1449.2739,1533.7189,1449.1255,1529.6747,1571.0,78.14,4.9739,74738.72,12074951.757,0.927559
600519.SH,20241108,1540.5735,1546.343,1485.0313,1493.3422,1649.14,-39.17,-2.3752,60771.2,9885645.907,0.927559
600519.SH,20241111,1474.8189,1493.3237,1453.6613,1482.2486,1609.97,-11.96,-0.7429,43853.65,6957095.385,0.927559
600519.SH,20241112,1473.8913,1505.4283,1459.9316,1462.9461,1598.01,-20.81,-1.3022,49222.66,7844798.676,0.927559
600519.SH,20241113,1454.4126,1471.7208,1448.1794,1464.1519,1577.2,1.3,0.0824,29125.26,4594445.032,0.927559
600519.SH,20241114,1456.2677,1478.9465,1452.2328,1459.7924,1578.5,-4.7,-0.2978,29248.14,4617144.097,0.927559
600519.SH,20241115,1455.3401,1469.068,1440.4992,1446.0645,1573.8,-14.8,-0.9404,33761.12,5295326.892,0.927559
600519.SH,20241118,1448.8472,1461.8238,1442.3543,1446.0645,1559.0,0.0,0.0,27092.19,4237197.499,0.927559
600519.SH,20241119,1451.6299,1455.6833,1414.5275,1430.2218,1559.0,-17.08,-1.0956,33266.43,5138831.155,0.927559
600519.SH,20241120,1431.2236,1441.3989,1420.3712,1432.9025,1541.92,2.89,0.1874,21344.55,3292675.257,0.927559
600519.SH,20241121,1432.0306,1436.7797,1421.0204,1433.1993,1544.81,0.32,0.0207,18261.79,2810933.515,0.927559
600519.SH,20241122,1429.5076,1435.6481,1398.5921,1398.5921,1545.13,-37.31,-2.4147,33436.11,5107288.992,0.927559
600519.SH,20241125,1401.5417,1421.0204,1388.2498,1390.0121,1507.82,-9.25,-0.6135,33185.56,5011136.234,0.927559
600519.SH,20241126,1390.0121,1408.8509,1381.0241,1399.6866,1498.57,10.43,0.696,25744.79,3876885.984,0.927559
600519.SH,20241127,1399.6866,1411.884,1395.9764,1409.0086,1509.0,10.05,0.666,25934.17,3927607.772,0.927559
600519.SH,20241128,1411.7449,1414.5183,1393.1937,1408.0346,1519.05,-1.05,-0.0691,23952.03,3627662.382,0.927559
600519.SH,20241129,1407.1071,1442.3543,1403.5916,1415.2139,1518.0,7.74,0.5099,36088.1,5534035.503,0.927559
600519.SH,20241202,1415.4551,1419.1561,1405.3447,1414.5275,1525.74,-0.74,-0.0485,26819.54,4086609.952,0.927559
600519.SH,20241203,1413.6,1418.145,1406.2537,1416.1415,1525.0,1.74,0.1141,24806.62,3777197.199,0.927559
600519.SH,20241204,1409.9547,1413.2846,1400.6141,1409.8897,1526.74,-6.74,-0.4415,23923.89,3626565.544,0.927559
600519.SH,20241205,1401.4119,1407.9048,1400.6141,1401.5417,1520.0,-9.0,-0.5921,16141.47,2441318.387,0.927559
600519.SH,20241206,1403.3968,1427.4206,1398.824,1410.8266,1511.0,10.01,0.6625,32039.69,4883148.6,0.927559
600519.SH,20241209,1411.7634,1418.9056,1403.5823,1408.7767,1521.01,-2.21,-0.1453,19799.86,3008173.586,0.927559
600519.SH,20241210,1456.2677,1465.2928,1433.2457,1434.5535,1518.8,27.79,1.8297,60312.1,9421340.719,0.927559
600519.SH,20241211,1428.4409,1442.3543,1420.0743,1424.3597,1546.59,-10.99,-0.7106,29671.12,4569662.604,0.927559
600519.SH,20241212,1421.039,1452.5575,1418.2378,1452.3719,1535.6,30.2,1.9667,41936.52,6510547.81,0.927559
600519.SH,20241213,1437.7258,1442.345,1408.8509,1408.9622,1565.8,-46.8,-2.9889,49511.97,7580908.315,0.927559
600519.SH,20241216,1410.8173,1418.2378,1401.2727,1416.5682,1519.0,8.2,0.5398,32537.1,4945298.799,0.927559
600519.SH,20241217,1415.4458,1455.3401,1410.8266,1445.137,1527.2,30.8,2.0168,54171.63,8398945.449,0.927559
600519.SH,20241218,1445.1092,1462.7606,1435.0266,1457.659,1558.0,13.5,0.8665,41162.26,6440801.971,0.927559
600519.SH,20241219,1451.7598,1454.3476,1438.0226,1438.6533,1571.5,-20.49,-1.3038,24809.32,3862602.665,0.927559
600519.SH,20241220,1442.4216,1452.4734,1431.9553,1433.8206,1527.13,-5.13,-0.3359,28157.74,4307425.535,0.942063
600519.SH,20241223,1434.7626,1448.8936,1429.1102,1438.0127,1522.0,4.45,0.2924,21602.69,3300971.424,0.942063
600519.SH,20241224,1436.6468,1454.546,1433.4343,1449.6661,1526.45,12.37,0.8104,22104.92,3394160.299,0.942063
600519.SH,20241225,1449.6472,1449.6472,1437.683,1441.3571,1538.82,-8.82,-0.5732,17123.39,2621061.878,0.942063
600519.SH,20241226,1445.1253,1449.6284,1434.7626,1439.2751,1530.0,-2.21,-0.1444,18286.51,2798840.003,0.942063
600519.SH,20241227,1440.3208,1447.0094,1431.4654,1440.3867,1527.79,1.18,0.0772,20759.32,3170191.445,0.942063
600519.SH,20241230,1445.0971,1454.5083,1436.6468,1436.6468,1528.97,-3.97,-0.2597,25129.82,3849542.646,0.942063
600519.SH,20241231,1437.0236,1455.488,1433.83,1435.7047,1525.0,-1.0,-0.0656,39354.45,6033540.366,0.942063
600519.SH,20250102,1435.7047,1436.1663,1394.2539,1401.7904,1524.0,-36.0,-2.3622,50028.7,7490883.773,0.942063
600519.SH,20250103,1407.9138,1408.3754,1382.0165,1389.5436,1488.0,-13.0,-0.8737,32628.36,4836610.288,0.942063
600519.SH,20250106,1368.8182,1377.9185,1349.7885,1356.5714,1475.0,-35.0,-2.3729,44255.12,6392479.712,0.942063
600519.SH,20250107,1360.9614,1367.7725,1355.6293,1356.7598,1440.0,0.2,0.0139,24221.18,3494634.227,0.942063
600519.SH,20250108,1356.5714,1367.7065,1344.0042,1358.9265,1440.2,2.3,0.1597,35258.21,5071821.246,0.942063
600519.SH,20250109,1365.0405,1379.7273,1349.9581,1360.3396,1442.5,1.5,0.104,29705.65,4295852.736,0.942063
600519.SH,20250110,1363.26,1367.829,1352.8031,1352.8031,1444.0,-8.0,-0.554,21871.95,3154677.598,0.942063
600519.SH,20250113,1342.4404,1360.7541,1339.6236,1360.3208,1436.0,7.98,0.5557,21082.51,3030806.87,0.942063
600519.SH,20250114,1361.2346,1393.0104,1358.4555,1387.1884,1443.98,28.52,1.9751,30956.57,4535651.504,0.942063
600519.SH,20250115,1382.0071,1389.1668,1375.422,1386.0297,1472.5,-1.23,-0.0835,18399.34,2701518.712,0.942063
600519.SH,20250116,1388.6015,1396.7598,1358.4555,1362.5817,1471.27,-24.89,-1.6917,26342.13,3840411.437,0.942063
600519.SH,20250117,1362.5911,1376.3547,1362.5817,1370.4668,1446.38,8.37,0.5787,18308.94,2663227.309,0.942063
600519.SH,20250120,1376.3547,1403.4767,1375.4126,1389.3552,1454.75,20.05,1.3782,31409.75,4647626.351,0.942063
600519.SH,20250121,1395.196,1396.138,1380.1229,1383.0904,1474.8,-6.65,-0.4509,16856.04,2481821.229,0.942063
600519.SH,20250122,1378.4932,1382.902,1354.6872,1357.5134,1468.15,-27.15,-1.8493,28293.84,4088101.682,0.942063
600519.SH,20250123,1365.9637,1382.9491,1354.6872,1359.3975,1441.0,2.0,0.1388,27125.04,3932700.85,0.942063
600519.SH,20250124,1358.4555,1363.91,1347.4428,1352.8031,1443.0,-7.0,-0.4851,31360.34,4515322.685,0.942063
600519.SH,20250127,1353.7452,1360.3113,1344.3434,1351.8516,1436.0,-1.01,-0.0703,29356.46,4213534.543,0.942063
600519.SH,20250205,1356.5714,1359.3975,1320.9708,1322.4687,1434.99,-31.19,-2.1735,40756.52,5753730.034,0.942063
600519.SH,20250206,1318.8982,1339.6048,1318.8982,1330.9849,1403.8,9.04,0.644,27355.82,3859568.163,0.942063
600519.SH,20250207,1331.7762,1359.0961,1322.1013,1352.8031,1412.84,23.16,1.6393,37242.07,5310850.624,0.942063
600519.SH,20250210,1354.6872,1356.5714,1344.4093,1348.5732,1436.0,-4.49,-0.3127,20839.79,2988101.756,0.942063
600519.SH,20250211,1351.8139,1352.7654,1333.8676,1335.846,1431.51,-13.51,-0.9438,23572.83,3348668.867,0.942063
600519.SH,20250212,1335.846,1361.2817,1334.7909,1359.3975,1418.0,25.0,1.763,25475.79,3644170.477,0.942063
600519.SH,20250213,1359.4164,1389.7791,1351.3994,1380.1795,1443.0,22.06,1.5288,43385.36,6335985.851,0.942063
600519.SH,20250214,1380.1795,1391.4277,1373.7358,1389.5436,1465.06,9.94,0.6785,27099.92,3978694.098,0.942063
600519.SH,20250217,1395.196,1408.366,1382.1013,1386.3594,1475.0,-3.38,-0.2292,32470.59,4804663.813,0.942063
600519.SH,20250218,1384.8333,1406.4913,1377.3721,1389.5436,1471.62,3.38,0.2297,27799.92,4113845.397,0.942063
600519.SH,20250219,1389.5907,1407.8573,1380.0287,1404.6166,1475.0,16.0,1.0847,32393.31,4803378.441,0.942063
600519.SH,20250220,1397.0801,1405.5304,1388.0269,1388.6015,1491.0,-17.0,-1.1402,23749.73,3513552.984,0.942063
600519.SH,20250221,1394.2539,1410.0146,1387.6689,1401.9882,1474.0,14.21,0.964,36417.83,5418169.587,0.942063
600519.SH,20250224,1401.7904,1412.643,1388.6015,1393.3778,1488.21,-9.14,-0.6142,34743.73,5157907.322,0.942063
600519.SH,20250225,1384.8427,1388.0269,1367.8761,1369.7602,1479.07,-25.07,-1.695,28387.43,4142814.459,0.942063
600519.SH,20250226,1371.1262,1380.0853,1361.2817,1375.422,1454.0,6.01,0.4133,26366.09,3835949.041,0.942063
600519.SH,20250227,1375.4315,1403.5803,1369.7602,1399.4918,1460.01,25.55,1.75,49762.17,7368002.361,0.942063
600519.SH,20250228,1399.4352,1439.8309,1396.138,1413.8394,1485.56,15.23,1.0252,56128.95,8475738.166,0.942063
600519.SH,20250303,1415.5445,1432.8691,1395.667,1400.8672,1500.79,-13.77,-0.9175,31595.66,4736679.903,0.942063
600519.SH,20250304,1398.9642,1399.9063,1380.3208,1384.9369,1487.02,-16.91,-1.1372,25211.21,3710675.863,0.942063
600519.SH,20250305,1386.7174,1388.6015,1375.5068,1381.4136,1470.11,-3.74,-0.2544,24605.22,3606932.152,0.942063
600519.SH,20250306,1388.6015,1422.7042,1386.7928,1418.7287,1466.37,39.61,2.7012,42167.64,6297117.4,0.942063
600519.SH,20250307,1415.9214,1439.8121,1415.9214,1432.8785,1505.98,15.02,0.9974,37991.35,5760608.729,0.942063
600519.SH,20250310,1431.7574,1438.4178,1418.8794,1434.6684,1521.0,1.9,0.1249,31369.07,4758789.26,0.942063
600519.SH,20250311,1429.1102,1458.9548,1424.3999,1458.9548,1522.9,25.78,1.6928,39775.6,6094007.854,0.942063
600519.SH,20250312,1457.3345,1459.8969,1437.9185,1453.2082,1548.68,-6.1,-0.3939,29603.96,4552923.644,0.942063
600519.SH,20250313,1454.546,1465.3797,1442.1861,1448.6769,1542.58,-4.81,-0.3118,25724.39,3966369.271,0.942063
600519.SH,20250314,1457.9939,1533.6887,1451.7198,1533.6887,1537.77,90.24,5.8682,92913.15,14882842.708,0.942063
600519.SH,20250317,1560.9991,1561.9318,1532.6242,1542.968,1628.01,9.85,0.605,54689.13,8985138.902,0.942063
600519.SH,20250318,1549.732,1556.2888,1527.7443,1529.911,1637.86,-13.86,-0.8462,31613.45,5153210.436,0.942063
600519.SH,20250319,1530.1842,1552.5206,1528.969,1540.9426,1624.0,11.71,0.7211,27389.55,4477128.77,0.942063
600519.SH,20250320,1540.9426,1542.7231,1502.6571,1511.0698,1635.71,-31.71,-1.9386,36736.77,5903879.207,0.942063
600519.SH,20250321,1506.3594,1518.7947,1477.9374,1482.5723,1604.0,-30.25,-1.8859,33614.3,5324973.19,0.942063
600519.SH,20250324,1479.0396,1497.5606,1471.8611,1491.2864,1573.75,9.25,0.5878,25565.85,4032223.482,0.942063
600519.SH,20250325,1495.9967,1500.5187,1475.8931,1484.221,1583.0,-7.5,-0.4738,17674.38,2783286.813,0.942063
600519.SH,20250326,1481.6491,1490.8908,1479.9817,1484.692,1575.5,0.5,0.0317,14323.56,2257639.75,0.942063
600519.SH,20250327,1484.692,1505.6529,1482.2238,1496.9388,1576.0,13.0,0.8249,17955.63,2848889.21,0.942063
600519.SH,20250328,1498.757,1500.7071,1484.692,1493.3684,1589.0,-3.79,-0.2385,16227.89,2569470.015,0.942063
600519.SH,20250331,1489.3835,1495.017,1469.6755,1470.561,1585.21,-24.21,-1.5272,21084.94,3311857.714,0.942063
600519.SH,20250401,1473.3872,1478.936,1462.2803,1465.8696,1561.0,-4.98,-0.319,18556.44,2893739.955,0.942063
600519.SH,20250402,1467.7348,1476.9671,1455.9591,1459.2751,1556.02,-7.0,-0.4499,21674.01,3371883.024,0.942063
600519.SH,20250403,1441.3571,1494.1126,1440.4244,1477.9845,1549.02,19.86,1.2821,35480.5,5557442.052,0.942063
600519.SH,20250407,1431.9459,1447.8102,1377.2968,1413.0952,1568.88,-68.88,-4.3904,101952.67,15314738.235,0.942063
600519.SH,20250408,1425.342,1455.488,1408.3848,1455.488,1500.0,45.0,3.0,73876.49,11226977.557,0.942063
600519.SH,20250409,1436.6656,1466.6044,1432.4546,1451.7574,1545.0,-3.96,-0.2563,55630.04,8562928.225,0.942063
600519.SH,20250410,1461.131,1464.9087,1439.4729,1459.2563,1541.04,7.96,0.5165,38620.21,5963650.791,0.942063
600519.SH,20250411,1488.432,1488.432,1455.488,1478.0787,1549.0,19.98,1.2899,32634.23,5087359.924,0.942063
600519.SH,20250414,1470.5328,1475.2714,1461.6397,1462.073,1568.98,-16.99,-1.0829,21711.44,3379425.64,0.942063
600519.SH,20250415,1462.0825,1474.3293,1455.488,1467.7348,1551.99,6.01,0.3872,21489.28,3339942.729,0.942063
600519.SH,20250416,1462.0825,1484.692,1447.9515,1468.8371,1558.0,1.17,0.0751,31156.05,4834880.596,0.942063
600519.SH,20250417,1463.9666,1485.163,1460.1889,1479.0396,1559.17,10.83,0.6946,23846.05,3733924.973,0.942063
600519.SH,20250418,1475.2714,1483.7499,1465.8507,1475.2148,1570.0,-4.06,-0.2586,20298.48,3179974.34,0.942063
600519.SH,20250421,1474.8003,1474.8003,1461.1404,1461.1404,1565.94,-14.94,-0.9541,18057.03,2808158.177,0.942063
600519.SH,20250422,1460.1983,1466.1333,1453.8017,1459.0679,1551.0,-2.2,-0.1418,18432.14,2857525.967,0.942063
600519.SH,20250423,1468.6769,1468.8842,1455.488,1462.0825,1548.8,3.2,0.2066,18668.76,2895468.892,0.942063
600519.SH,20250424,1462.0825,1470.2596,1459.2374,1462.318,1552.0,0.25,0.0161,14871.81,2313372.072,0.942063
600519.SH,20250425,1466.887,1470.7494,1460.1983,1460.1983,1552.25,-2.25,-0.145,14764.9,2295029.705,0.942063
600519.SH,20250428,1462.0825,1464.9087,1456.9953,1460.1983,1550.0,0.0,0.0,14659.72,2274252.465,0.942063
600519.SH,20250429,1460.1983,1462.5912,1443.26,1454.546,1550.0,-6.0,-0.3871,18921.8,2917422.938,0.942063
600519.SH,20250430,1460.1889,1475.8931,1456.7127,1457.3721,1544.0,3.0,0.1943,25754.25,4005439.429,0.942063
600519.SH,20250506,1468.6769,1468.6769,1454.8568,1460.3867,1547.0,3.2,0.2069,18300.26,2838614.215,0.942063
600519.SH,20250507,1479.0396,1479.0396,1460.3867,1464.9087,1550.2,4.8,0.3096,27462.21,4275142.569,0.942063
600519.SH,20250508,1463.0245,1500.4998,1460.0382,1486.7551,1555.0,23.19,1.4913,33481.06,5265446.444,0.942063
600519.SH,20250509,1487.5088,1504.8992,1483.797,1498.9925,1578.19,12.99,0.8231,23671.9,3757574.546,0.942063
600519.SH,20250512,1505.4174,1525.1348,1504.1079,1511.5408,1591.18,13.32,0.8371,24735.33,3967785.8,0.942063
600519.SH,20250513,1515.7047,1515.7047,1493.2742,1498.1635,1604.5,-14.2,-0.885,21258.29,3386617.848,0.942063
600519.SH,20250514,1497.8809,1549.6944,1496.1663,1540.2643,1590.3,44.69,2.8102,39460.12,6394735.058,0.942063
600519.SH,20250515,1540.0853,1548.3661,1530.0335,1537.457,1634.99,-2.98,-0.1823,24732.85,4043402.636,0.942063
600519.SH,20250516,1539.3222,1542.1484,1520.6129,1520.6129,1632.01,-17.88,-1.0956,22935.22,3714508.659,0.942063
600519.SH,20250519,1503.5333,1507.3015,1482.6948,1487.4993,1614.13,-35.15,-2.1776,38062.83,6021950.01,0.942063
600519.SH,20250520,1488.4602,1502.4028,1483.8441,1494.1126,1578.98,7.02,0.4446,19521.53,3095742.637,0.942063
600519.SH,20250521,1493.1706,1503.4767,1489.374,1489.374,1586.0,-5.03,-0.3172,19794.64,3143941.416,0.942063
600519.SH,20250522,1489.3929,1493.1611,1479.1338,1488.4602,1580.97,-0.97,-0.0614,15090.24,2381236.586,0.942063
600519.SH,20250523,1483.9383,1495.9025,1480.6034,1481.489,1580.0,-7.4,-0.4684,21537.0,3399424.961,0.942063
600519.SH,20250526,1479.0396,1483.4014,1455.488,1460.6694,1572.6,-22.1,-1.4053,27086.53,4212944.43,0.942063
600519.SH,20250527,1461.1404,1468.3001,1454.0843,1454.4517,1550.5,-6.6,-0.4257,17752.13,2748945.675,0.942063
600519.SH,20250528,1454.5365,1456.8634,1444.1833,1447.9515,1543.9,-6.9,-0.4469,16265.68,2504624.605,0.942063
600519.SH,20250529,1450.7777,1464.9087,1443.2412,1450.7777,1537.0,3.0,0.1952,21859.58,3375465.796,0.942063
600519.SH,20250530,1450.919,1455.488,1427.4522,1433.8206,1540.0,-18.0,-1.1688,31239.18,4764875.947,0.942063
600519.SH,20250603,1420.6411,1430.9944,1417.8243,1421.5737,1522.0,-13.0,-0.8541,28979.18,4377892.799,0.942063
600519.SH,20250604,1422.9868,1434.7626,1421.781,1422.4781,1509.0,0.96,0.0636,23008.09,3480363.797,0.942063
600519.SH,20250605,1426.2841,1428.1682,1415.1677,1426.2841,1509.96,4.04,0.2676,23213.66,3504925.524,0.942063
600519.SH,20250606,1426.0956,1430.9661,1415.9214,1419.1149,1514.0,-7.61,-0.5026,25023.07,3777727.616,0.942063
600519.SH,20250609,1417.8243,1421.2911,1399.6048,1400.0099,1506.39,-20.28,-1.3463,44958.67,6723839.138,0.942063
600519.SH,20250610,1399.9063,1405.5587,1389.3552,1389.553,1486.11,-11.1,-0.7469,30492.2,4511934.584,0.942063
600519.SH,20250611,1391.2393,1407.4428,1390.5798,1394.2539,1475.01,4.99,0.3383,30892.82,4585522.755,0.942063
600519.SH,20250612,1394.2539,1397.8997,1369.8545,1374.4706,1480.0,-21.0,-1.4189,49903.61,7306800.8,0.942063
600519.SH,20250613,1360.7259,1365.9637,1342.4969,1344.2774,1459.0,-32.05,-2.1967,59113.25,8466515.559,0.942063
600519.SH,20250616,1320.0193,1342.4781,1320.0005,1339.8874,1426.95,-4.66,-0.3266,42887.87,6060448.438,0.942063
600519.SH,20250617,1337.7301,1344.3245,1330.3632,1344.3245,1422.29,4.71,0.3312,27231.51,3868364.671,0.942063
600519.SH,20250618,1356.5714,1359.8121,1338.6816,1342.4404,1427.0,-2.0,-0.1402,30760.99,4404131.364,0.942063
600519.SH,20250619,1343.3825,1350.6081,1335.0735,1343.3825,1425.0,1.0,0.0702,24500.72,3490268.568,0.942063
600519.SH,20250620,1341.1027,1357.6453,1337.9185,1345.8884,1426.0,2.66,0.1865,34815.81,4990683.314,0.942063
600519.SH,20250623,1337.7301,1349.9769,1323.7687,1337.7301,1428.66,-8.66,-0.6062,26723.31,3794012.343,0.942063
600519.SH,20250624,1340.886,1367.5747,1340.886,1353.9336,1420.0,17.2,1.2113,36311.51,5229183.514,0.942063
600519.SH,20250625,1355.7329,1365.2383,1338.2105,1352.6712,1437.2,-1.34,-0.0932,41050.07,5869292.227,0.942063
600519.SH,20250626,1359.1452,1371.632,1354.4194,1363.9478,1408.26,11.74,0.8337,34860.25,4955829.982,0.960527
600519.SH,20250627,1363.9574,1366.8294,1347.7053,1347.7053,1420.0,-16.91,-1.1908,38249.73,5404312.675,0.960527
600519.SH,20250630,1348.0991,1357.445,1346.6583,1353.8815,1403.09,6.43,0.4583,30457.3,4287373.691,0.960527
600519.SH,20250701,1353.382,1356.206,1347.9166,1349.636,1409.52,-4.42,-0.3136,19878.19,2794423.203,0.960527
600519.SH,20250702,1353.8623,1358.9531,1344.7373,1353.9583,1405.1,4.5,0.3203,26218.25,3689246.316,0.960527
600519.SH,20250703,1356.2636,1366.5316,1352.4215,1359.7215,1409.6,6.0,0.4257,24412.67,3456733.002,0.960527
600519.SH,20250704,1359.8175,1375.3685,1354.3521,1366.0802,1415.6,6.62,0.4676,28766.91,4086547.268,0.960527
600519.SH,20250707,1366.1378,1367.3096,1354.3521,1355.0149,1422.22,-11.52,-0.81,23854.67,3370562.659,0.960527
600519.SH,20250708,1355.0245,1363.9478,1355.0149,1360.2113,1410.7,5.41,0.3835,18673.7,2643302.691,0.960527
600519.SH,20250709,1359.1452,1373.5242,1358.3479,1362.872,1416.11,2.77,0.1956,27745.32,3950810.723,0.960527
600519.SH,20250710,1362.9585,1379.4891,1354.7267,1370.1912,1418.88,7.62,0.537,38725.03,5503329.754,0.960527
600519.SH,20250711,1366.9831,1400.4478,1366.9831,1370.6715,1426.5,0.5,0.0351,57243.35,8239010.39,0.960527
600519.SH,20250714,1373.5531,1378.3365,1365.4846,1367.4057,1427.0,-3.4,-0.2383,27780.94,3961736.006,0.960527
600519.SH,20250715,1364.8891,1366.7621,1352.7288,1355.3031,1423.6,-12.6,-0.8851,35405.78,5005150.165,0.960527
600519.SH,20250716,1354.3521,1361.5369,1354.2945,1355.3319,1411.0,0.03,0.0021,21286.05,3006882.579,0.960527
600519.SH,20250717,1358.1654,1366.839,1357.1088,1360.4419,1411.03,5.32,0.377,23105.54,3273100.406,0.960527
600519.SH,20250718,1363.9478,1381.0548,1360.4707,1380.2768,1416.35,20.65,1.458,41823.41,5984949.774,0.960527
600519.SH,20250721,1380.2671,1389.6899,1378.3557,1386.0399,1437.0,6.0,0.4175,26203.31,3779891.829,0.960527
600519.SH,20250722,1387.0004,1408.7083,1383.8115,1407.1523,1443.0,21.98,1.5232,42118.98,6127636.851,0.960527
600519.SH,20250723,1411.0136,1435.9873,1410.9656,1417.257,1464.98,10.52,0.7181,45044.84,6676301.462,0.960527
600519.SH,20250724,1417.7373,1439.8294,1416.7768,1432.6255,1475.5,16.0,1.0844,38803.64,5786337.377,0.960527
600519.SH,20250725,1432.5294,1432.5294,1395.6452,1397.5662,1491.5,-36.5,-2.4472,41911.26,6140078.741,0.960527
600519.SH,20250728,1395.6452,1397.5566,1379.6044,1381.8712,1455.0,-16.34,-1.123,38586.32,5560966.386,0.960527
600519.SH,20250729,1382.7741,1391.6014,1378.3653,1382.1978,1438.66,0.34,0.0236,26304.08,3785848.102,0.960527
600519.SH,20250730,1387.0004,1399.641,1380.2768,1392.2257,1439.0,10.44,0.7255,31867.71,4612883.04,0.960527
600519.SH,20250731,1386.0399,1387.8361,1362.0267,1365.5519,1449.44,-27.77,-1.9159,51797.51,7386302.758,0.960527
600519.SH,20250801,1365.744,1369.6725,1358.1846,1361.0662,1421.67,-4.67,-0.3285,29635.59,4200850.79,0.960527
600519.SH,20250804,1359.1452,1363.7557,1358.1846,1362.9873,1417.0,2.0,0.1411,18687.95,2647105.74,0.960527
600519.SH,20250805,1364.9083,1373.4954,1361.1719,1371.3823,1419.0,8.74,0.6159,25342.27,3607931.488,0.960527
600519.SH,20250806,1372.5925,1372.5925,1363.2754,1367.6746,1427.74,-3.86,-0.2704,23699.28,3372334.94,0.960527
600519.SH,20250807,1367.6746,1371.3439,1364.0054,1366.205,1423.88,-1.53,-0.1075,28001.34,3988765.795,0.960527
600519.SH,20250808,1366.8774,1370.1912,1362.0267,1364.8795,1422.35,-1.38,-0.097,18655.28,2651478.118,0.960527
600519.SH,20250811,1367.3096,1394.675,1366.8294,1387.961,1420.97,24.03,1.6911,47159.07,6794034.09,0.960527
600519.SH,20250812,1391.8031,1407.2387,1379.3162,1380.3152,1445.0,-7.96,-0.5509,42019.23,6095342.036,0.960527
600519.SH,20250813,1368.7504,1377.0878,1363.9478,1363.9958,1437.04,-16.99,-1.1823,65527.54,9325460.101,0.960527
600519.SH,20250814,1364.8507,1390.3719,1364.8507,1370.6619,1420.05,6.94,0.4887,48129.3,6897535.33,0.960527
600519.SH,20250815,1369.7206,1372.266,1364.1591,1365.9457,1426.99,-4.91,-0.3441,47581.65,6772436.997,0.960527
600519.SH,20250818,1370.6619,1379.931,1366.9254,1372.1123,1422.08,6.42,0.4515,47377.98,6773477.871,0.960527
600519.SH,20250819,1376.9149,1389.5554,1375.4741,1381.2373,1428.5,9.5,0.665,46371.86,6678541.001,0.960527
600519.SH,20250820,1381.2373,1395.4531,1373.5723,1392.7636,1438.0,12.0,0.8345,45804.66,6623095.725,0.960527
600519.SH,20250821,1396.0774,1397.5566,1386.6643,1391.0827,1450.0,-1.75,-0.1207,30890.57,4470441.662,0.960527
600519.SH,20250822,1391.6878,1406.211,1387.74,1406.1629,1448.25,15.7,1.0841,44970.58,6544867.368,0.960527
600519.SH,20250825,1411.9837,1436.9478,1408.132,1431.5016,1463.95,26.38,1.802,65324.55,9676719.498,0.960527
600519.SH,20250826,1431.492,1435.2477,1421.589,1423.1258,1490.33,-8.72,-0.5851,39602.13,5883917.0,0.960527
600519.SH,20250827,1423.3852,1426.3148,1390.8425,1390.8425,1481.61,-33.61,-2.2685,56006.09,8184169.113,0.960527
600519.SH,20250828,1390.8137,1398.6228,1381.9769,1389.0175,1448.0,-1.9,-0.1312,39281.77,5683673.273,0.960527
600519.SH,20250829,1395.6452,1424.0576,1394.6846,1421.5794,1446.1,33.9,2.3442,62256.48,9159701.454,0.960527
600519.SH,20250901,1423.6926,1429.2636,1407.8439,1417.8333,1480.0,-3.9,-0.2635,45123.38,6658918.555,0.960527
600519.SH,20250902,1420.2923,1449.4347,1419.6583,1432.4333,1476.1,15.2,1.0297,56688.37,8470012.816,0.960527
600519.SH,20250903,1432.1452,1444.1518,1408.132,1422.1077,1491.3,-10.75,-0.7208,45045.03,6656011.145,0.960527
600519.SH,20250904,1413.8952,1420.907,1402.8203,1414.5291,1480.55,-7.89,-0.5329,47746.76,7017084.75,0.960527
600519.SH,20250905,1412.9347,1428.2743,1406.211,1424.461,1472.66,10.34,0.7021,37388.48,5519312.163,0.960527
600519.SH,20250908,1424.461,1446.9757,1419.1781,1441.9714,1483.0,18.23,1.2293,51382.98,7682065.696,0.960527
600519.SH,20250909,1445.5926,1450.3472,1434.4697,1445.5926,1501.23,3.77,0.2511,35742.77,5366650.005,0.960527
600519.SH,20250910,1447.187,1469.5577,1436.9478,1461.9311,1505.0,17.01,1.1302,49663.31,7541460.049,0.960527
600519.SH,20250911,1461.9311,1465.7828,1448.9544,1463.3623,1522.01,1.49,0.0979,37238.96,5642778.456,0.960527
600519.SH,20250912,1465.7636,1477.3091,1450.9043,1456.1584,1523.5,-7.5,-0.4923,33722.09,5132184.935,0.960527
600519.SH,20250915,1456.0335,1457.5799,1442.2307,1455.2939,1516.0,-0.9,-0.0594,25827.03,3901929.718,0.960527
600519.SH,20250916,1455.2939,1460.9514,1437.1495,1440.7707,1515.1,-15.12,-0.998,32717.89,4928374.478,0.960527
600519.SH,20250917,1440.7803,1450.6641,1431.1943,1434.0662,1499.98,-6.98,-0.4653,30330.54,4534770.634,0.960527
600519.SH,20250918,1433.1057,1438.6768,1405.7307,1410.0147,1493.0,-25.04,-1.6772,49721.25,7347477.479,0.960527
600519.SH,20250919,1410.0435,1417.257,1399.4969,1410.0243,1467.96,0.01,0.0007,32636.62,4784528.851,0.960527
600519.SH,20250922,1407.2579,1410.0243,1392.7732,1395.9814,1467.97,-14.62,-0.9959,34947.08,5085057.536,0.960527
600519.SH,20250923,1393.2439,1399.9675,1383.1583,1390.2854,1453.35,-5.93,-0.408,38663.0,5588384.388,0.960527
600519.SH,20250924,1377.4624,1399.276,1377.4624,1385.0794,1447.42,-5.42,-0.3745,30743.5,4443052.872,0.960527
600519.SH,20250925,1385.8766,1388.1627,1379.3162,1382.1978,1442.0,-3.0,-0.208,33869.73,4873274.661,0.960527
600519.SH,20250926,1384.2918,1389.9877,1371.6416,1378.3557,1439.0,-4.0,-0.278,45120.71,6480889.597,0.960527
600519.SH,20250929,1382.5628,1411.9645,1378.3557,1403.1949,1435.0,25.86,1.8021,53684.03,7798434.586,0.960527
600519.SH,20250930,1402.3689,1403.0989,1383.1583,1386.9908,1460.86,-16.87,-1.1548,39363.62,5687474.876,0.960527
600519.SH,20251009,1379.3162,1382.5628,1363.9478,1380.0654,1443.99,-7.21,-0.4993,54918.12,7845448.947,0.960527
600519.SH,20251010,1380.8531,1383.1007,1371.1517,1373.5531,1436.78,-6.78,-0.4719,36001.44,5157459.262,0.960527
600519.SH,20251013,1359.8175,1366.6853,1359.2604,1363.1794,1430.0,-10.8,-0.7552,46068.8,6533147.458,0.960527
600519.SH,20251014,1373.5435,1406.211,1373.5435,1393.7433,1419.2,31.82,2.2421,66672.33,9639484.605,0.960527
600519.SH,20251015,1393.7049,1405.2504,1388.0378,1404.2899,1451.02,10.98,0.7567,42785.4,6233407.482,0.960527
600519.SH,20251016,1404.2131,1426.334,1401.2931,1426.2956,1462.0,22.91,1.567,45730.15,6749162.949,0.960527
600519.SH,20251017,1424.557,1429.2636,1396.6345,1397.5662,1484.91,-29.91,-2.0143,38085.89,5594724.9,0.960527
600519.SH,20251020,1397.5662,1411.4939,1397.451,1400.3806,1455.0,2.93,0.2014,25949.88,3793283.759,0.960527
600519.SH,20251021,1401.4083,1411.9165,1398.0465,1404.5397,1457.93,4.33,0.297,25442.67,3727984.13,0.960527
600519.SH,20251022,1404.3668,1407.8727,1398.5268,1401.1202,1462.26,-3.56,-0.2435,18194.92,2657486.636,0.960527
600519.SH,20251023,1397.5662,1410.8215,1390.0741,1410.0339,1458.7,9.28,0.6362,29322.35,4274652.09,0.960527
600519.SH,20251024,1410.005,1420.5036,1392.1296,1392.7636,1467.98,-17.98,-1.2248,38225.83,5578603.148,0.960527
600519.SH,20251027,1383.1583,1395.1553,1379.3066,1383.5521,1450.0,-9.59,-0.6614,37102.39,5352667.152,0.960527
600519.SH,20251028,1385.0794,1393.9162,1384.2149,1387.961,1440.41,4.59,0.3187,27124.33,3923817.14,0.960527
600519.SH,20251029,1383.1775,1389.4498,1373.5915,1375.3781,1445.0,-13.1,-0.9066,33937.11,4868780.319,0.960527
600519.SH,20251030,1365.6864,1379.9214,1365.6864,1370.4217,1431.9,-5.16,-0.3604,47456.1,6768821.311,0.960527
600519.SH,20251031,1365.8689,1379.297,1364.0535,1373.5627,1426.74,3.27,0.2292,35693.77,5109623.861,0.960527
600519.SH,20251103,1374.5136,1390.8425,1364.0439,1378.3557,1430.01,4.99,0.3489,34547.66,4945310.83,0.960527
600519.SH,20251104,1378.4517,1379.1049,1367.5786,1372.5925,1435.0,-6.0,-0.4181,26565.72,3793892.903,0.960527
600519.SH,20251105,1369.6053,1374.504,1363.9574,1364.0246,1429.0,-8.92,-0.6242,34475.27,4908475.373,0.960527
600519.SH,20251106,1373.5531,1384.5511,1373.5435,1378.4806,1420.08,15.05,1.0598,38347.82,5505960.415,0.960527
600519.SH,20251107,1378.4614,1382.947,1374.6192,1376.7516,1435.13,-1.8,-0.1254,18861.39,2704995.856,0.960527
600519.SH,20251110,1378.3557,1405.9132,1378.3365,1404.5781,1433.33,28.97,2.0212,49451.54,7181246.441,0.960527
600519.SH,20251111,1404.2899,1404.4628,1389.882,1401.3987,1462.3,-3.31,-0.2264,26691.56,3882776.772,0.960527
600519.SH,20251112,1402.3497,1420.0041,1401.61,1407.3156,1458.99,6.16,0.4222,32992.1,4849073.051,0.960527
600519.SH,20251113,1404.4052,1415.4128,1400.4478,1412.3391,1465.15,5.23,0.357,31179.23,4569178.269,0.960527
600519.SH,20251114,1411.9741,1420.5708,1398.8149,1399.1031,1470.38,-13.78,-0.9372,27473.06,4031007.106,0.960527
600519.SH,20251117,1396.6057,1414.8557,1388.7198,1412.9347,1456.6,14.4,0.9886,34462.21,5035780.027,0.960527
600519.SH,20251118,1412.6465,1427.4098,1411.0136,1417.7373,1471.0,5.0,0.3399,34204.78,5055675.474,0.960527
600519.SH,20251119,1415.8162,1421.1279,1411.9357,1412.9443,1476.0,-4.99,-0.3381,22045.37,3249449.214,0.960527
600519.SH,20251120,1413.8952,1421.4833,1407.2003,1409.1982,1471.01,-3.9,-0.2651,24002.32,3531653.943,0.960527
600519.SH,20251121,1412.4544,1421.5794,1398.5268,1408.7083,1467.11,-0.51,-0.0348,42607.2,6259873.433,0.960527
600519.SH,20251124,1409.0925,1412.9347,1393.849,1394.6846,1466.6,-14.6,-0.9955,33607.44,4901903.705,0.960527
600519.SH,20251125,1400.4478,1400.4478,1387.4807,1387.6248,1452.0,-7.35,-0.5062,28440.69,4119930.011,0.960527
600519.SH,20251126,1391.6878,1396.1158,1386.597,1391.9471,1444.65,4.5,0.3115,20306.16,2938818.095,0.960527
600519.SH,20251127,1392.2833,1392.7636,1382.2362,1390.1702,1449.15,-1.85,-0.1277,22286.89,3216797.187,0.960527
600519.SH,20251128,1389.4018,1398.0465,1386.0399,1393.2439,1447.3,3.2,0.2211,23211.21,3366696.622,0.960527
600519.SH,20251201,1393.7241,1404.5493,1385.0794,1390.8425,1450.5,-2.5,-0.1724,27333.42,3961994.999,0.960527
600519.SH,20251202,1390.8425,1394.6078,1378.3749,1379.345,1448.0,-11.97,-0.8267,25047.26,3607543.825,0.960527
600519.SH,20251203,1379.1337,1379.2874,1371.632,1372.6886,1436.03,-6.93,-0.4826,23572.79,3370080.066,0.960527
600519.SH,20251204,1372.6886,1375.9544,1362.3917,1367.7707,1429.1,-5.12,-0.3583,29075.39,4134921.902,0.960527
600519.SH,20251205,1367.7707,1376.5211,1363.4675,1373.5627,1423.98,6.03,0.4235,25401.66,3622681.597,0.960527
600519.SH,20251208,1372.7846,1379.9598,1362.0267,1362.2381,1430.01,-11.79,-0.8245,33602.8,4789155.77,0.960527
600519.SH,20251209,1362.2477,1364.9083,1344.7853,1345.7074,1418.22,-17.21,-1.2135,42634.43,5995722.121,0.960527
600519.SH,20251210,1344.7373,1347.4267,1328.5812,1347.4267,1401.01,1.79,0.1278,33133.47,4625906.139,0.960527
600519.SH,20251211,1351.1344,1356.254,1346.2261,1356.254,1402.8,9.19,0.6551,22385.01,3149974.074,0.960527
600519.SH,20251212,1362.0267,1368.7504,1357.7716,1364.5721,1411.99,8.66,0.6133,37159.19,5273563.274,0.960527
600519.SH,20251215,1382.7645,1383.1487,1369.2979,1369.711,1420.65,5.35,0.3766,33358.79,4774362.06,0.960527
600519.SH,20251216,1369.9031,1372.3812,1359.1452,1365.8689,1426.0,-4.0,-0.2805,23963.67,3403139.194,0.960527
600519.SH,20251217,1368.7504,1383.1007,1361.7194,1376.5307,1422.0,11.1,0.7806,31382.49,4489482.138,0.960527
600519.SH,20251218,1376.9149,1382.0825,1369.8166,1374.5136,1433.1,-2.1,-0.1465,17829.95,2551177.659,0.960527
600519.SH,20251219,1377.4052,1379.7985,1368.623,1377.4052,1407.04,2.96,0.2104,26508.68,3733028.357,0.976883
600519.SH,20251222,1377.4052,1381.4495,1374.0642,1375.7054,1410.0,-1.74,-0.1234,20425.65,2881636.856,0.976883
600519.SH,20251223,1375.7054,1380.2674,1364.8913,1375.3146,1408.26,-0.4,-0.0284,24506.81,3445377.032,0.976883
600519.SH,20251224,1372.511,1373.8493,1367.6363,1368.5155,1407.86,-6.96,-0.4944,25186.69,3533253.565,0.976883
600519.SH,20251225,1372.5207,1386.666,1368.9844,1381.4788,1400.9,13.27,0.9472,23386.21,3299572.096,0.976883
600519.SH,20251226,1381.4788,1386.3339,1377.4052,1381.4397,1414.17,-0.04,-0.0028,17802.99,2520605.635,0.976883
600519.SH,20251229,1381.4397,1381.4397,1368.6132,1369.5901,1414.13,-12.13,-0.8578,26308.1,3694660.107,0.976883
600519.SH,20251230,1368.6132,1369.4924,1353.96,1357.594,1402.0,-12.28,-0.8759,33791.94,4702489.813,0.976883
600519.SH,20251231,1357.8675,1361.775,1345.3341,1345.3439,1389.72,-12.54,-0.9023,34765.63,4799456.452,0.976883
600519.SH,20260105,1352.9831,1398.7794,1352.9831,1393.0353,1377.18,48.82,3.5449,70949.42,10018086.372,0.976883
600519.SH,20260106,1399.4339,1403.7517,1383.7842,1394.9988,1426.0,2.01,0.141,39586.18,5649710.153,0.976883
600519.SH,20260107,1399.7562,1401.8272,1387.3694,1390.4563,1428.01,-4.65,-0.3256,29683.8,4234255.286,0.976883
600519.SH,20260108,1390.427,1390.4563,1375.5882,1379.652,1423.36,-11.06,-0.777,29134.54,4117925.041,0.976883
600519.SH,20260109,1384.2433,1395.5752,1383.2762,1386.2948,1412.3,6.8,0.4815,29847.74,4243865.418,0.976883
600519.SH,20260112,1386.2948,1397.9197,1384.341,1390.3293,1419.1,4.13,0.291,36082.66,5135636.033,0.976883
600519.SH,20260113,1393.807,1396.4739,1376.4185,1378.382,1423.23,-12.23,-0.8593,39168.66,5555633.779,0.976883
600519.SH,20260114,1378.382,1389.372,1363.9046,1365.6923,1411.0,-12.99,-0.9206,51757.97,7285041.159,0.976883
600519.SH,20260115,1363.7483,1370.4009,1356.4803,1356.7832,1398.01,-9.12,-0.6524,40907.14,5698739.671,0.976883
600519.SH,20260116,1362.7519,1365.1941,1348.0987,1350.0524,1388.89,-6.89,-0.4961,55120.68,7643061.998,0.976883
600519.SH,20260119,1349.9547,1355.4155,1343.2143,1344.1911,1382.0,-6.0,-0.4342,42286.4,5833745.442,0.976883
600519.SH,20260120,1347.6102,1349.6421,1340.3325,1341.7978,1376.0,-2.45,-0.1781,36484.43,5021900.765,0.976883
600519.SH,20260121,1341.8075,1342.6281,1318.7922,1319.8277,1373.55,-22.49,-1.6374,64516.25,8775880.803,0.976883
600519.SH,20260122,1320.7557,1330.2803,1306.5616,1309.082,1351.06,-11.0,-0.8142,59010.89,7962441.434,0.976883
600519.SH,20260123,1309.121,1316.8384,1301.6674,1306.0927,1340.06,-3.06,-0.2283,61948.9,8301311.489,0.976883
600519.SH,20260126,1309.5216,1323.6766,1294.4873,1310.9771,1337.0,5.0,0.374,80166.06,10751225.525,0.976883
600519.SH,20260127,1313.8882,1322.4066,1307.0696,1311.9638,1342.0,1.01,0.0753,48415.96,6514513.216,0.976883
600519.SH,20260128,1311.9931,1315.5782,1291.4492,1293.0904,1343.01,-19.32,-1.4386,76218.01,10135019.524,0.976883
600519.SH,20260129,1304.1389,1411.5961,1298.3362,1404.4844,1323.69,114.03,8.6146,189534.4,26305591.086,0.976883
600519.SH,20260130,1401.8272,1401.8272,1368.6132,1368.6132,1437.72,-36.72,-2.554,94479.74,13366329.414,0.976883
600519.SH,20260202,1392.0584,1424.8621,1378.9877,1394.0122,1401.0,26.0,1.8558,85724.27,12312646.443,0.976883
600519.SH,20260203,1411.5961,1442.6707,1409.6716,1440.8244,1427.0,47.92,3.3581,86320.66,12628439.703,0.976883
600519.SH,20260204,1450.6714,1497.8255,1439.9257,1489.7467,1474.92,50.08,3.3954,109122.93,16444345.98,0.976883
600519.SH,20260205,1484.8623,1528.822,1479.9779,1519.0532,1525.0,30.0,1.9672,91622.74,14183456.476,0.976883
600519.SH,20260206,1519.0532,1531.7527,1471.0687,1479.9877,1555.0,-39.99,-2.5717,78965.38,12019878.669,0.976883
600519.SH,20260209,1482.9085,1507.2134,1478.5028,1489.7076,1515.01,9.95,0.6568,51168.46,7809067.705,0.976883
600519.SH,20260210,1489.7174,1489.7174,1461.9056,1470.0137,1524.96,-20.16,-1.322,39575.96,5953269.321,0.976883
600519.SH,20260211,1470.0137,1479.001,1461.4171,1469.5545,1504.8,-0.47,-0.0312,30928.46,4648360.03,0.976883
600519.SH,20260212,1465.52,1468.0795,1439.3005,1452.2344,1504.33,-17.73,-1.1786,46245.82,6874370.113,0.976883
600519.SH,20260213,1452.2344,1472.9443,1436.5847,1450.9645,1486.6,-1.3,-0.0874,41679.01,6216379.203,0.976883
600519.SH,20260224,1485.8392,1489.1606,1429.7661,1432.8921,1485.3,-18.5,-1.2455,41912.53,6198840.572,0.976883
600519.SH,20260225,1436.0182,1474.7613,1433.9472,1457.1774,1466.8,24.86,1.6948,36880.67,5490316.149,0.976883
600519.SH,20260226,1452.2344,1455.0576,1430.8114,1432.3158,1491.66,-25.45,-1.7062,32958.01,4855471.43,0.976883
600519.SH,20260227,1433.0777,1442.0846,1421.3844,1421.3844,1466.21,-11.19,-0.7632,32160.16,4697692.477,0.976883
600519.SH,20260302,1416.4805,1423.3187,1403.4489,1406.8191,1455.02,-14.91,-1.0247,35453.86,5115063.511,0.976883
600519.SH,20260303,1406.8093,1419.2841,1389.2548,1393.2209,1440.11,-13.92,-0.9666,45890.86,6565381.648,0.976883
600519.SH,20260304,1382.2896,1390.1046,1359.9092,1368.7891,1426.19,-25.01,-1.7536,48014.43,6743267.103,0.976883
600519.SH,20260305,1373.4976,1380.2967,1362.7519,1366.6985,1401.18,-2.14,-0.1527,30505.24,4276226.062,0.976883
600519.SH,20260306,1362.7519,1374.963,1355.9137,1369.5901,1399.04,2.96,0.2116,29154.15,4072328.833,0.976883
600519.SH,20260309,1357.8675,1372.4231,1351.2247,1364.7057,1402.0,-5.0,-0.3566,37441.62,5220095.639,0.976883
600519.SH,20260310,1372.4231,1376.907,1365.6826,1369.4729,1397.0,4.88,0.3493,24625.92,3457808.916,0.976883
600519.SH,20260311,1370.5572,1373.4879,1365.7021,1367.6363,1401.88,-1.88,-0.1341,24456.73,3425363.892,0.976883
600519.SH,20260312,1362.7519,1371.495,1358.8542,1359.8213,1400.0,-8.0,-0.5714,27586.46,3850521.717,0.976883
600519.SH,20260313,1360.2902,1384.849,1359.8213,1380.961,1392.0,21.64,1.5546,33607.83,4738808.558,0.976883
600519.SH,20260316,1387.174,1432.1106,1387.174,1426.4252,1413.64,46.54,3.2922,60086.35,8711525.836,0.976883
600519.SH,20260317,1434.0644,1463.4393,1427.4118,1450.6714,1460.18,24.82,1.6998,49453.61,7347310.632,0.976883
600519.SH,20260318,1454.5789,1461.9056,1429.3265,1434.8459,1485.0,-16.2,-1.0909,35551.0,5239992.522,0.976883
600519.SH,20260319,1438.9097,1438.9488,1412.573,1419.2841,1468.8,-15.93,-1.0846,30318.59,4404953.481,0.976883
600519.SH,20260320,1419.3721,1428.6915,1405.7348,1411.5961,1452.87,-7.87,-0.5417,26132.34,3782818.26,0.976883
600519.SH,20260323,1400.1958,1401.8272,1367.6656,1375.5198,1445.0,-36.93,-2.5557,47255.89,6669708.665,0.976883
600519.SH,20260324,1383.2665,1384.8197,1367.8122,1374.7969,1408.07,-0.74,-0.0526,28561.79,4017694.387,0.976883
600519.SH,20260325,1377.5126,1385.0932,1368.623,1377.6689,1407.33,2.94,0.2089,26093.46,3677905.549,0.976883
600519.SH,20260326,1376.4283,1381.215,1367.9294,1368.7891,1410.27,-9.09,-0.6446,23092.89,3243387.502,0.976883
600519.SH,20260327,1367.6363,1393.0353,1364.3735,1383.286,1401.18,14.84,1.0591,30087.11,4257499.781,0.976883
600519.SH,20260330,1374.4745,1397.9197,1370.0981,1387.174,1416.02,3.98,0.2811,28684.59,4060684.934,0.976883
600519.SH,20260331,1434.0644,1445.7186,1414.9272,1416.4805,1420.0,30.0,2.1127,61690.66,9015486.797,0.976883
600519.SH,20260401,1430.6355,1436.0084,1419.2939,1425.7023,1450.0,9.44,0.651,29125.14,4256185.472,0.976883
600519.SH,20260402,1425.7023,1431.0165,1418.5319,1426.1321,1459.44,0.44,0.0301,21064.37,3071809.846,0.976883
600519.SH,20260403,1425.8,1435.9791,1421.3649,1426.2493,1459.88,0.12,0.0082,20193.73,2953993.081,0.976883
600519.SH,20260407,1426.2982,1436.0182,1401.8761,1406.7312,1460.0,-19.98,-1.3685,24152.18,3507471.653,0.976883
600519.SH,20260408,1426.2493,1435.1194,1418.5612,1431.1533,1440.02,25.0,1.7361,33836.1,4947937.007,0.976883
600519.SH,20260409,1431.1533,1431.1533,1414.0383,1426.728,1465.02,-4.53,-0.3092,20704.76,3012278.579,0.976883
600519.SH,20260410,1425.4092,1425.966,1407.7862,1420.3489,1460.49,-6.53,-0.4471,28865.56,4187181.529,0.976883
600519.SH,20260413,1410.6192,1413.0614,1399.8735,1409.9451,1453.96,-10.65,-0.7325,25213.64,3629675.49,0.976883
600519.SH,20260414,1409.2516,1415.1129,1401.8272,1413.4522,1443.31,3.59,0.2487,24232.61,3492544.23,0.976883
600519.SH,20260415,1411.5765,1436.7899,1408.6654,1433.5759,1446.9,20.6,1.4237,34553.48,5049317.187,0.976883
600519.SH,20260416,1433.5271,1443.2569,1426.2493,1429.0237,1467.5,-4.66,-0.3175,24512.84,3597294.838,0.976883
600519.SH,20260417,1367.6363,1388.1509,1367.5093,1374.709,1462.84,-55.6,-3.8008,96824.99,13631929.446,0.976883
600519.SH,20260420,1370.567,1381.2541,1367.6363,1378.2746,1407.24,3.65,0.2594,36451.39,5127146.041,0.976883
600519.SH,20260421,1378.382,1387.0763,1377.4052,1379.3687,1410.89,1.12,0.0794,21754.27,3074595.192,0.976883
600519.SH,20260422,1382.2896,1386.1971,1372.5012,1376.9167,1412.01,-2.51,-0.1778,26915.93,3793827.534,0.976883
600519.SH,20260423,1375.4514,1386.8809,1372.6184,1386.1971,1409.5,9.5,0.674,37701.09,5332831.151,0.976883
600519.SH,20260424,1380.4335,1425.1552,1380.4335,1424.7742,1419.0,39.49,2.7829,55455.31,8003410.999,0.976883
600519.SH,20260427,1387.174,1387.174,1369.7855,1370.7624,1458.49,-55.29,-3.7909,72797.74,10239763.452,0.976883
600519.SH,20260428,1369.5901,1376.8093,1367.7438,1372.5207,1403.2,1.8,0.1283,34004.42,4772513.712,0.976883
600519.SH,20260429,1372.5207,1377.1609,1367.9099,1368.7793,1405.0,-3.83,-0.2726,34813.13,4881691.348,0.976883
600519.SH,20260430,1367.6363,1368.7793,1348.0987,1352.7779,1401.17,-16.38,-1.169,52752.67,7316111.748,0.976883
600519.SH,20260506,1333.5431,1347.1218,1328.6099,1343.2143,1384.79,-9.79,-0.707,47806.04,6550750.94,0.976883
600519.SH,20260507,1343.2143,1355.9137,1338.3396,1339.3556,1375.0,-3.95,-0.2873,40461.47,5573286.315,0.976883
600519.SH,20260508,1339.9515,1350.8046,1338.3298,1341.2507,1371.05,1.94,0.1415,33368.53,4582855.939,0.976883
600519.SH,20260511,1341.153,1341.153,1329.5379,1329.8603,1372.99,-11.66,-0.8492,57135.1,7790721.392,0.976883
600519.SH,20260512,1330.5148,1332.0583,1319.2806,1323.237,1361.33,-6.78,-0.498,50837.43,6886304.982,0.976883
600519.SH,20260513,1323.1882,1327.1934,1307.0696,1313.0188,1354.55,-10.46,-0.7722,56967.87,7653257.144,0.976883
600519.SH,20260514,1307.0696,1337.4116,1304.3148,1311.1432,1344.09,-1.92,-0.1428,55244.34,7428592.859,0.976883
600519.SH,20260515,1304.2855,1308.32,1296.4313,1302.1363,1342.17,-9.22,-0.6869,58183.65,7749366.54,0.976883
600519.SH,20260518,1305.1158,1311.6414,1289.1047,1292.4163,1332.95,-9.95,-0.7465,49660.97,6594983.723,0.976883
600519.SH,20260519,1291.3418,1299.2447,1287.5319,1293.6863,1323.0,1.3,0.0983,43254.64,5719170.335,0.976883
600519.SH,20260520,1290.4626,1302.1754,1283.6244,1284.6013,1324.3,-9.3,-0.7023,47487.33,6271273.748,0.976883
600519.SH,20260521,1282.628,1292.9243,1280.6937,1280.6937,1315.0,-4.0,-0.3042,38868.38,5112740.391,0.976883
600519.SH,20260522,1280.6449,1281.5827,1260.2964,1260.3746,1311.0,-20.8,-1.5866,49157.14,6372389.482,0.976883
600519.SH,20260525,1257.2485,1274.6273,1247.4797,1256.1544,1290.2,-4.32,-0.3348,46352.76,5978725.158,0.976883
600519.SH,20260526,1255.6367,1260.0717,1240.6513,1243.9434,1285.88,-12.5,-0.9721,45931.62,5867830.633,0.976883
600519.SH,20260527,1238.7073,1288.5088,1221.2016,1272.8787,1273.38,29.62,2.3261,82727.91,10586574.902,0.976883
600519.SH,20260528,1260.1792,1273.8556,1241.6184,1246.4833,1303.0,-27.02,-2.0737,45889.98,5895475.019,0.976883
600519.SH,20260529,1241.2277,1298.2776,1240.6415,1295.347,1275.98,50.02,3.9201,76478.05,10037388.211,0.976883
600519.SH,20260601,1296.3239,1296.3239,1271.2277,1279.3261,1326.0,-16.4,-1.2368,43844.6,5741133.268,0.976883
600519.SH,20260602,1275.8093,1295.6987,1270.9249,1277.0011,1309.6,-2.38,-0.1817,36361.85,4769963.104,0.976883
600519.SH,20260603,1273.8556,1273.8556,1246.5028,1252.2762,1307.22,-25.31,-1.9362,52476.52,6743202.681,0.976883
600519.SH,20260604,1249.4237,1259.1925,1237.408,1238.6878,1281.91,-13.91,-1.0851,33506.17,4273269.325,0.976883
600519.SH,20260605,1248.4566,1253.341,1238.4338,1243.4354,1268.0,4.86,0.3833,31303.97,3984001.862,0.976883
600519.SH,20260608,1242.5953,1248.4566,1230.8727,1233.7838,1272.86,-9.88,-0.7762,30828.36,3898027.116,0.976883
600519.SH,20260609,1233.7936,1233.8033,1223.5949,1226.9652,1262.98,-6.98,-0.5527,27860.12,3500590.715,0.976883
600519.SH,20260610,1223.1358,1252.3641,1221.309,1246.3856,1256.0,19.88,1.5828,39244.14,4991686.419,0.976883
600519.SH,20260611,1242.7125,1253.2238,1237.623,1249.4335,1275.88,3.12,0.2445,25351.98,3230008.22,0.976883
600519.SH,20260612,1241.7943,1265.0636,1235.7669,1262.045,1279.0,12.91,1.0094,50494.78,6477910.214,0.976883
600519.SH,20260615,1262.8168,1262.8168,1240.7392,1241.7161,1291.91,-20.81,-1.6108,41585.56,5303656.129,0.976883
600519.SH,20260616,1237.7207,1238.5705,1225.9883,1226.6428,1271.1,-15.43,-1.2139,34969.74,4399957.625,0.976883
600519.SH,20260617,1228.9189,1230.648,1209.9283,1211.335,1255.67,-15.67,-1.2479,44803.3,5581256.291,0.976883
600519.SH,20260618,1206.4506,1210.2312,1183.2203,1186.913,1240.0,-25.0,-2.0161,57471.73,7016713.941,0.976883
600519.SH,20260622,1186.2389,1223.8391,1177.1441,1212.7124,1215.0,26.41,2.1737,58251.31,7163236.298,0.976883
600519.SH,20260623,1210.3582,1234.7802,1188.8667,1194.1907,1241.41,-18.96,-1.5273,58004.05,7179745.911,0.976883
600519.SH,20260624,1194.3861,1213.1618,1179.5961,1179.7622,1222.45,-14.77,-1.2082,45335.28,5516574.46,0.976883
600519.SH,20260625,1179.0979,1198.6356,1172.2597,1184.08,1207.68,4.42,0.366,48446.49,5860481.755,0.976883
600519.SH,20260626,1199.0,1199.0,1168.1,1168.63,1184.08,-15.45,-1.3048,50066.47,5922014.054,1.0
600519.SH,20260629,1169.0,1215.0,1151.01,1194.96,1168.63,26.33,2.2531,66878.12,7949237.761,1.0
600519.SH,20260630,1187.0,1195.67,1176.0,1185.49,1194.96,-9.47,-0.7925,39607.79,4684236.159,1.0
600519.SH,20260701,1180.1,1196.8,1166.33,1193.01,1185.49,7.52,0.6343,42473.81,5033838.236,1.0
