ts_code,trade_date,open,high,low,close,pre_close,change,pct_chg,vol,amount
000001.SZ,20220104,16.48,16.66,16.18,16.66,16.48,0.18,1.0922,1169259.33,1918887.05
000001.SZ,20220105,16.58,17.22,16.55,17.15,16.66,0.49,2.9412,1961998.17,3344124.589
000001.SZ,20220106,17.11,17.27,17.0,17.12,17.15,-0.03,-0.1749,1107885.19,1896535.837
000001.SZ,20220107,17.1,17.28,17.06,17.2,17.12,0.08,0.4673,1126630.7,1937710.958
000001.SZ,20220110,17.29,17.42,17.03,17.19,17.2,-0.01,-0.0581,909774.01,1563414.572
000001.SZ,20220111,17.26,17.54,17.14,17.41,17.19,0.22,1.2798,1581999.4,2752485.391
000001.SZ,20220112,17.41,17.45,16.9,17.0,17.41,-0.41,-2.355,1502163.55,2561266.412
000001.SZ,20220113,16.91,17.24,16.82,16.98,17.0,-0.02,-0.1176,909422.65,1550319.158
000001.SZ,20220114,17.0,17.02,16.3,16.33,16.98,-0.65,-3.828,2103094.91,3459950.804
000001.SZ,20220117,16.35,16.48,16.12,16.22,16.33,-0.11,-0.6736,1143689.43,1855633.789
000001.SZ,20220118,16.25,16.54,16.16,16.52,16.22,0.3,1.8496,1152974.31,1891094.61
000001.SZ,20220119,16.54,16.69,16.36,16.5,16.52,-0.02,-0.1211,988391.85,1630973.587
000001.SZ,20220120,16.47,17.46,16.42,17.33,16.5,0.83,5.0303,3031193.77,5195805.549
000001.SZ,20220121,17.45,17.56,17.21,17.35,17.33,0.02,0.1154,1481682.95,2575115.124
000001.SZ,20220124,17.34,17.38,16.98,17.2,17.35,-0.15,-0.8646,874770.87,1501390.339
000001.SZ,20220125,17.08,17.08,16.81,16.85,17.2,-0.35,-2.0349,1093283.97,1851999.025
000001.SZ,20220126,16.95,17.1,16.54,16.65,16.85,-0.2,-1.1869,984975.22,1646384.984
000001.SZ,20220127,16.5,16.54,16.25,16.3,16.65,-0.35,-2.1021,1024643.11,1677261.296
000001.SZ,20220128,16.39,16.45,15.82,15.83,16.3,-0.47,-2.8834,1675563.67,2695470.33
000001.SZ,20220207,16.02,16.41,15.89,16.39,15.83,0.56,3.5376,1515476.3,2451798.485
000001.SZ,20220208,16.3,16.97,16.26,16.83,16.39,0.44,2.6846,1754695.28,2950309.012
000001.SZ,20220209,16.92,17.0,16.71,16.86,16.83,0.03,0.1783,1051161.66,1774253.636
000001.SZ,20220210,16.77,17.03,16.67,16.99,16.86,0.13,0.7711,784557.35,1326848.947
000001.SZ,20220211,17.03,17.34,17.03,17.1,16.99,0.11,0.6474,1078139.14,1852167.493
000001.SZ,20220214,17.1,17.15,16.51,16.58,17.1,-0.52,-3.0409,1150658.51,1917613.419
000001.SZ,20220215,16.5,16.67,16.1,16.28,16.58,-0.3,-1.8094,1208264.37,1968985.378
000001.SZ,20220216,16.35,16.53,16.21,16.41,16.28,0.13,0.7985,782399.59,1282234.15
000001.SZ,20220217,16.39,16.55,16.32,16.42,16.41,0.01,0.0609,794501.84,1306514.349
000001.SZ,20220218,16.32,16.77,16.31,16.77,16.42,0.35,2.1315,802499.4,1330233.365
000001.SZ,20220221,16.66,16.67,16.32,16.51,16.77,-0.26,-1.5504,800994.55,1316023.718
000001.SZ,20220222,16.31,16.44,16.16,16.23,16.51,-0.28,-1.6959,894956.73,1454156.224
000001.SZ,20220223,16.3,16.31,16.04,16.19,16.23,-0.04,-0.2465,886742.44,1431289.852
000001.SZ,20220224,16.13,16.15,15.8,15.91,16.19,-0.28,-1.7295,1324086.85,2112842.553
000001.SZ,20220225,15.99,16.08,15.87,15.9,15.91,-0.01,-0.0629,726397.07,1157890.268
000001.SZ,20220228,15.9,15.92,15.62,15.75,15.9,-0.15,-0.9434,723990.45,1137154.094
000001.SZ,20220301,15.79,15.95,15.62,15.92,15.75,0.17,1.0794,935040.34,1474693.965
000001.SZ,20220302,15.79,15.87,15.66,15.68,15.92,-0.24,-1.5075,760760.86,1196321.948
000001.SZ,20220303,15.73,15.81,15.63,15.71,15.68,0.03,0.1913,578285.05,908171.588
000001.SZ,20220304,15.62,15.63,15.28,15.33,15.71,-0.38,-2.4188,990935.66,1523793.664
000001.SZ,20220307,15.17,15.17,14.66,14.72,15.33,-0.61,-3.9791,1113158.99,1655959.941
000001.SZ,20220308,14.62,14.86,14.25,14.31,14.72,-0.41,-2.7853,1003032.69,1463145.93
000001.SZ,20220309,14.4,14.45,13.22,13.84,14.31,-0.47,-3.2844,1800760.17,2492042.993
000001.SZ,20220310,14.18,14.75,14.09,14.57,13.84,0.73,5.2746,2249158.16,3269867.788
000001.SZ,20220311,14.4,14.98,14.15,14.9,14.57,0.33,2.2649,1493646.97,2187480.61
000001.SZ,20220314,14.63,14.93,14.45,14.49,14.9,-0.41,-2.7517,1118407.34,1637278.471
000001.SZ,20220315,14.4,14.4,13.6,13.68,14.49,-0.81,-5.5901,1781408.87,2479769.555
000001.SZ,20220316,13.86,14.4,13.51,14.31,13.68,0.63,4.6053,1531779.06,2141637.065
000001.SZ,20220317,14.66,14.71,14.24,14.45,14.31,0.14,0.9783,1730061.42,2506504.217
000001.SZ,20220318,14.36,14.85,14.14,14.7,14.45,0.25,1.7301,1528807.13,2222158.762
000001.SZ,20220321,14.5,14.82,14.39,14.59,14.7,-0.11,-0.7483,1208868.05,1765673.892
000001.SZ,20220322,14.59,15.22,14.5,15.18,14.59,0.59,4.0439,1628656.58,2443174.055
000001.SZ,20220323,15.11,15.19,14.9,15.0,15.18,-0.18,-1.1858,1050102.38,1577561.341
000001.SZ,20220324,14.92,15.31,14.81,15.2,15.0,0.2,1.3333,1002359.95,1518870.08
000001.SZ,20220325,15.15,15.25,14.82,14.98,15.2,-0.22,-1.4474,742933.35,1116354.595
000001.SZ,20220328,14.8,15.05,14.63,14.85,14.98,-0.13,-0.8678,727136.99,1078327.302
000001.SZ,20220329,14.88,14.95,14.6,14.68,14.85,-0.17,-1.1448,615643.15,909169.631
000001.SZ,20220330,14.86,15.27,14.76,15.21,14.68,0.53,3.6104,1236791.55,1859617.04
000001.SZ,20220331,15.1,15.57,15.06,15.38,15.21,0.17,1.1177,1163746.74,1789209.946
000001.SZ,20220401,15.37,15.79,15.2,15.75,15.38,0.37,2.4057,1484878.74,2319616.863
000001.SZ,20220406,15.64,16.54,15.63,16.39,15.75,0.64,4.0635,2488540.05,4064051.491
000001.SZ,20220407,16.38,16.66,16.2,16.28,16.39,-0.11,-0.6711,1659064.55,2724002.904
000001.SZ,20220408,16.26,16.45,16.13,16.4,16.28,0.12,0.7371,1066779.46,1741072.072
000001.SZ,20220411,16.35,16.4,15.8,16.05,16.4,-0.35,-2.1341,1416735.36,2277469.055
000001.SZ,20220412,16.05,16.26,15.66,15.92,16.05,-0.13,-0.81,1039261.42,1654820.082
000001.SZ,20220413,15.89,16.08,15.72,15.8,15.92,-0.12,-0.7538,890628.06,1415496.125
000001.SZ,20220414,16.0,16.25,15.92,16.04,15.8,0.24,1.519,929614.94,1493343.952
000001.SZ,20220415,15.9,16.53,15.86,16.42,16.04,0.38,2.3691,1231761.03,2014010.094
000001.SZ,20220418,16.15,16.2,15.81,15.9,16.42,-0.52,-3.1669,1086887.56,1734236.523
000001.SZ,20220419,15.9,15.97,15.62,15.81,15.9,-0.09,-0.566,821772.49,1294226.951
000001.SZ,20220420,15.81,16.05,15.7,15.85,15.81,0.04,0.253,716555.28,1137697.846
000001.SZ,20220421,15.77,15.98,15.7,15.81,15.85,-0.04,-0.2524,709891.16,1124663.651
000001.SZ,20220422,15.64,16.19,15.4,16.06,15.81,0.25,1.5813,921274.08,1468452.957
000001.SZ,20220425,15.67,15.91,14.78,14.85,16.06,-1.21,-7.5342,1664480.98,2527610.217
000001.SZ,20220426,14.88,14.98,14.45,14.73,14.85,-0.12,-0.8081,988209.56,1456929.632
000001.SZ,20220427,14.98,15.65,14.96,15.65,14.73,0.92,6.2458,1490295.03,2296798.759
000001.SZ,20220428,15.57,15.93,15.37,15.65,15.65,0.0,0.0,911771.87,1426381.925
000001.SZ,20220429,15.69,15.74,14.97,15.32,15.65,-0.33,-2.1086,1645013.08,2503476.827
000001.SZ,20220505,15.2,15.45,15.15,15.32,15.32,0.0,0.0,790196.2,1208735.141
000001.SZ,20220506,15.02,15.2,14.91,14.96,15.32,-0.36,-2.3499,832431.82,1250995.594
000001.SZ,20220509,14.94,14.94,14.46,14.55,14.96,-0.41,-2.7406,818621.35,1197104.247
000001.SZ,20220510,14.5,14.6,14.11,14.59,14.55,0.04,0.2749,992285.02,1425836.927
000001.SZ,20220511,14.54,14.84,14.44,14.63,14.59,0.04,0.2742,848573.62,1240700.426
000001.SZ,20220512,14.48,14.56,14.33,14.38,14.63,-0.25,-1.7088,685064.23,987061.607
000001.SZ,20220513,14.5,14.66,14.49,14.61,14.38,0.23,1.5994,676311.91,985962.932
000001.SZ,20220516,14.66,14.73,14.35,14.41,14.61,-0.2,-1.3689,668227.82,965652.298
000001.SZ,20220517,14.51,14.72,14.32,14.71,14.41,0.3,2.0819,931406.39,1357428.407
000001.SZ,20220518,14.85,14.89,14.67,14.75,14.71,0.04,0.2719,778578.33,1150500.438
000001.SZ,20220519,14.55,14.7,14.5,14.62,14.75,-0.13,-0.8814,590921.72,863214.131
000001.SZ,20220520,14.7,15.04,14.67,15.02,14.62,0.4,2.736,948597.78,1415164.711
000001.SZ,20220523,15.07,15.07,14.76,14.83,15.02,-0.19,-1.265,647725.92,962683.729
000001.SZ,20220524,14.87,14.87,14.4,14.4,14.83,-0.43,-2.8995,933557.06,1358693.535
000001.SZ,20220525,14.43,14.49,14.3,14.39,14.4,-0.01,-0.0694,603228.26,866228.924
000001.SZ,20220526,14.41,14.43,14.07,14.19,14.39,-0.2,-1.3899,1011317.56,1435689.342
000001.SZ,20220527,14.29,14.35,14.11,14.18,14.19,-0.01,-0.0705,723066.74,1029702.186
000001.SZ,20220530,14.26,14.28,14.04,14.08,14.18,-0.1,-0.7052,896901.23,1265573.048
000001.SZ,20220531,14.07,14.18,14.0,14.16,14.08,0.08,0.5682,938868.55,1325012.048
000001.SZ,20220601,14.14,14.14,14.0,14.08,14.16,-0.08,-0.565,845298.98,1187423.732
000001.SZ,20220602,14.02,14.03,13.88,13.95,14.08,-0.13,-0.9233,979268.22,1363740.798
000001.SZ,20220606,13.91,14.17,13.64,14.17,13.95,0.22,1.5771,1710851.75,2370807.61
000001.SZ,20220607,14.02,14.25,13.99,14.16,14.17,-0.01,-0.0706,1315112.62,1860366.716
000001.SZ,20220608,14.16,14.17,14.01,14.16,14.16,0.0,0.0,1145521.24,1613524.958
000001.SZ,20220609,14.14,14.46,14.1,14.35,14.16,0.19,1.3418,1632901.34,2339986.708
000001.SZ,20220610,14.26,14.33,14.13,14.32,14.35,-0.03,-0.2091,1346012.31,1914639.698
000001.SZ,20220613,14.18,14.19,13.88,13.91,14.32,-0.41,-2.8631,1547752.85,2163340.109
000001.SZ,20220614,13.71,14.13,13.71,14.12,13.91,0.21,1.5097,1151429.39,1602169.898
000001.SZ,20220615,14.1,15.11,14.06,14.74,14.12,0.62,4.3909,3413543.71,5010292.727
000001.SZ,20220616,14.74,14.83,14.42,14.44,14.74,-0.3,-2.0353,1332546.31,1939976.255
000001.SZ,20220617,14.32,14.53,14.2,14.45,14.44,0.01,0.0693,1053787.94,1513925.914
000001.SZ,20220620,14.44,14.44,14.26,14.34,14.45,-0.11,-0.7612,1032166.8,1479529.787
000001.SZ,20220621,14.34,14.63,14.23,14.37,14.34,0.03,0.2092,1321793.98,1905346.057
000001.SZ,20220622,14.36,14.36,14.08,14.08,14.37,-0.29,-2.0181,1056045.92,1498415.784
000001.SZ,20220623,14.09,14.23,14.06,14.2,14.08,0.12,0.8523,806028.03,1140899.092
000001.SZ,20220624,14.2,14.25,14.11,14.23,14.2,0.03,0.2113,866040.61,1227798.687
000001.SZ,20220627,14.24,14.56,14.22,14.49,14.23,0.26,1.8271,1497278.18,2166380.438
000001.SZ,20220628,14.47,14.67,14.41,14.63,14.49,0.14,0.9662,1125110.48,1638673.242
000001.SZ,20220629,14.65,14.9,14.55,14.64,14.63,0.01,0.0684,1266547.28,1865064.678
000001.SZ,20220630,14.63,15.02,14.55,14.98,14.64,0.34,2.3224,1548745.01,2304888.692
000001.SZ,20220701,15.0,15.07,14.84,14.92,14.98,-0.06,-0.4005,779243.32,1164030.776
000001.SZ,20220704,14.95,14.98,14.75,14.94,14.92,0.02,0.134,834968.07,1241453.402
000001.SZ,20220705,14.99,15.27,14.82,14.91,14.94,-0.03,-0.2008,1115172.1,1674719.025
000001.SZ,20220706,14.83,14.93,14.46,14.53,14.91,-0.38,-2.5486,1043335.23,1520022.515
000001.SZ,20220707,14.54,14.65,14.38,14.42,14.53,-0.11,-0.7571,730160.98,1057696.547
000001.SZ,20220708,14.5,14.65,14.37,14.54,14.42,0.12,0.8322,639698.23,928850.349
000001.SZ,20220711,14.5,14.57,14.36,14.46,14.54,-0.08,-0.5502,611691.94,883613.754
000001.SZ,20220712,14.41,14.73,14.38,14.42,14.46,-0.04,-0.2766,742882.42,1078431.99
000001.SZ,20220713,14.42,14.47,13.89,13.97,14.42,-0.45,-3.1207,2175996.06,3056913.118
000001.SZ,20220714,13.7,13.71,13.29,13.37,13.97,-0.6,-4.2949,2632120.87,3534578.702
000001.SZ,20220715,13.48,13.56,13.22,13.24,13.37,-0.13,-0.9723,1598637.4,2139915.274
000001.SZ,20220718,13.25,13.44,13.21,13.39,13.24,0.15,1.1329,1153505.81,1536340.973
000001.SZ,20220719,13.34,13.43,13.28,13.42,13.39,0.03,0.224,755597.1,1008562.417
000001.SZ,20220720,13.43,13.47,13.35,13.39,13.42,-0.03,-0.2235,801458.66,1073936.3
000001.SZ,20220721,13.32,13.34,12.99,13.01,13.39,-0.38,-2.8379,1970387.89,2588696.13
000001.SZ,20220722,12.84,12.93,12.62,12.81,12.78,0.03,0.2347,1376509.74,1755555.714
000001.SZ,20220725,12.8,12.85,12.67,12.82,12.81,0.01,0.0781,763955.81,976071.707
000001.SZ,20220726,12.75,12.91,12.71,12.91,12.82,0.09,0.702,1024048.81,1314310.442
000001.SZ,20220727,12.85,12.88,12.73,12.79,12.91,-0.12,-0.9295,923914.08,1182889.761
000001.SZ,20220728,12.81,12.91,12.78,12.88,12.79,0.09,0.7037,750346.52,964903.658
000001.SZ,20220729,12.88,12.9,12.65,12.68,12.88,-0.2,-1.5528,831497.47,1059518.585
000001.SZ,20220801,12.66,12.66,12.4,12.42,12.68,-0.26,-2.0505,1025732.71,1277987.01
000001.SZ,20220802,12.22,12.34,11.94,12.26,12.42,-0.16,-1.2882,1373009.3,1664397.666
000001.SZ,20220803,12.19,12.27,12.01,12.03,12.26,-0.23,-1.876,746136.53,905653.325
000001.SZ,20220804,12.1,12.17,12.02,12.16,12.03,0.13,1.0806,602675.62,729351.71
000001.SZ,20220805,12.13,12.33,11.98,12.31,12.16,0.15,1.2336,765297.87,930836.354
000001.SZ,20220808,12.25,12.36,12.16,12.2,12.31,-0.11,-0.8936,551999.69,674950.921
000001.SZ,20220809,12.21,12.22,12.08,12.12,12.2,-0.08,-0.6557,558447.57,677098.633
000001.SZ,20220810,12.12,12.24,12.02,12.06,12.12,-0.06,-0.495,683023.21,825806.008
000001.SZ,20220811,12.08,12.39,12.04,12.35,12.06,0.29,2.4046,1399303.61,1710719.478
000001.SZ,20220812,12.26,12.41,12.2,12.38,12.35,0.03,0.2429,820503.56,1010612.433
000001.SZ,20220815,12.29,12.36,12.09,12.11,12.38,-0.27,-2.1809,1172010.0,1425087.455
000001.SZ,20220816,12.11,12.2,12.1,12.13,12.11,0.02,0.1652,631223.7,765907.219
000001.SZ,20220817,12.15,12.42,12.07,12.4,12.13,0.27,2.2259,1348506.58,1656961.619
000001.SZ,20220818,12.48,12.54,12.16,12.25,12.4,-0.15,-1.2097,1269700.94,1560630.568
000001.SZ,20220819,12.27,12.75,12.23,12.57,12.25,0.32,2.6122,2106417.24,2653471.09
000001.SZ,20220822,12.58,12.68,12.41,12.5,12.57,-0.07,-0.5569,1138076.58,1423361.879
000001.SZ,20220823,12.45,12.49,12.28,12.34,12.5,-0.16,-1.28,921463.07,1137300.431
000001.SZ,20220824,12.33,12.54,12.33,12.4,12.34,0.06,0.4862,1295375.33,1613309.589
000001.SZ,20220825,12.4,12.66,12.3,12.62,12.4,0.22,1.7742,1064010.61,1329230.362
000001.SZ,20220826,12.68,12.75,12.46,12.61,12.62,-0.01,-0.0792,927634.26,1168951.099
000001.SZ,20220829,12.5,12.56,12.31,12.42,12.61,-0.19,-1.5067,924490.65,1145189.174
000001.SZ,20220830,12.43,12.54,12.28,12.48,12.42,0.06,0.4831,799712.38,991447.627
000001.SZ,20220831,12.38,12.78,12.36,12.75,12.48,0.27,2.1635,1653041.58,2091408.315
000001.SZ,20220901,12.65,12.79,12.58,12.61,12.75,-0.14,-1.098,861981.95,1092666.277
000001.SZ,20220902,12.62,12.69,12.43,12.51,12.61,-0.1,-0.793,786362.81,983433.863
000001.SZ,20220905,12.46,12.6,12.37,12.57,12.51,0.06,0.4796,632039.98,788451.089
000001.SZ,20220906,12.58,12.66,12.43,12.5,12.57,-0.07,-0.5569,731294.99,914692.184
000001.SZ,20220907,12.42,12.42,12.28,12.33,12.5,-0.17,-1.36,979812.81,1208329.759
000001.SZ,20220908,12.32,12.44,12.3,12.36,12.33,0.03,0.2433,621116.92,768913.484
000001.SZ,20220909,12.4,12.74,12.36,12.72,12.36,0.36,2.9126,1951297.31,2469131.334
000001.SZ,20220913,12.88,13.02,12.66,12.95,12.72,0.23,1.8082,1722689.89,2223707.38
000001.SZ,20220914,12.75,12.87,12.7,12.73,12.95,-0.22,-1.6988,858035.84,1095054.829
000001.SZ,20220915,12.8,13.1,12.77,13.0,12.73,0.27,2.121,1841017.88,2393239.453
000001.SZ,20220916,12.92,12.95,12.56,12.56,13.0,-0.44,-3.3846,1357447.81,1719252.822
000001.SZ,20220919,12.54,12.67,12.48,12.57,12.56,0.01,0.0796,632121.04,793491.306
000001.SZ,20220920,12.61,12.63,12.32,12.34,12.57,-0.23,-1.8298,889988.53,1102212.204
000001.SZ,20220921,12.31,12.48,12.2,12.43,12.34,0.09,0.7293,684197.39,845477.182
000001.SZ,20220922,12.33,12.36,12.25,12.29,12.43,-0.14,-1.1263,586133.38,720058.21
000001.SZ,20220923,12.24,12.43,12.23,12.29,12.29,0.0,0.0,586441.06,722703.128
000001.SZ,20220926,12.16,12.28,11.99,12.0,12.29,-0.29,-2.3596,903729.04,1094060.839
000001.SZ,20220927,12.0,12.16,11.81,12.15,12.0,0.15,1.25,789622.29,946732.994
000001.SZ,20220928,12.09,12.25,11.92,12.11,12.15,-0.04,-0.3292,780925.58,946211.767
000001.SZ,20220929,12.25,12.28,11.82,11.86,12.11,-0.25,-2.0644,917718.04,1100405.198
000001.SZ,20220930,11.87,11.96,11.83,11.84,11.86,-0.02,-0.1686,537230.19,638906.948
000001.SZ,20221010,11.7,11.77,11.46,11.47,11.84,-0.37,-3.125,966080.18,1119089.731
000001.SZ,20221011,11.54,11.58,11.41,11.48,11.47,0.01,0.0872,415253.37,476749.227
000001.SZ,20221012,11.45,11.62,11.35,11.6,11.48,0.12,1.0453,559572.43,641776.509
000001.SZ,20221013,11.51,11.54,11.31,11.34,11.6,-0.26,-2.2414,852615.97,970021.739
000001.SZ,20221014,11.45,11.63,11.4,11.53,11.34,0.19,1.6755,1096061.58,1265486.55
000001.SZ,20221017,11.42,11.52,11.34,11.48,11.53,-0.05,-0.4337,1024822.71,1171523.55
000001.SZ,20221018,11.55,11.64,11.46,11.48,11.48,0.0,0.0,946837.09,1091646.644
000001.SZ,20221019,11.42,11.49,11.28,11.29,11.48,-0.19,-1.6551,923989.68,1049700.767
000001.SZ,20221020,11.23,11.31,11.16,11.2,11.29,-0.09,-0.7972,781923.23,876967.151
000001.SZ,20221021,11.21,11.25,11.07,11.09,11.2,-0.11,-0.9821,785574.29,876648.491
000001.SZ,20221024,11.09,11.1,10.61,10.62,11.09,-0.47,-4.2381,1383390.65,1496043.94
000001.SZ,20221025,10.7,10.81,10.6,10.65,10.62,0.03,0.2825,1316979.4,1406437.766
000001.SZ,20221026,10.64,10.73,10.61,10.66,10.65,0.01,0.0939,1143829.88,1220733.278
000001.SZ,20221027,10.7,10.77,10.66,10.68,10.66,0.02,0.1876,957383.46,1024868.047
000001.SZ,20221028,10.63,10.7,10.41,10.42,10.68,-0.26,-2.4345,1057947.01,1114999.302
000001.SZ,20221031,10.33,10.45,10.22,10.34,10.42,-0.08,-0.7678,983095.69,1016230.012
000001.SZ,20221101,10.38,10.68,10.36,10.67,10.34,0.33,3.1915,1381234.13,1459758.367
000001.SZ,20221102,10.61,10.68,10.48,10.63,10.67,-0.04,-0.3749,1302988.18,1377816.22
000001.SZ,20221103,10.54,10.57,10.38,10.44,10.63,-0.19,-1.7874,983535.61,1028904.286
000001.SZ,20221104,10.4,10.85,10.39,10.82,10.44,0.38,3.6398,1776112.23,1903720.944
000001.SZ,20221107,10.81,10.91,10.73,10.88,10.82,0.06,0.5545,988082.04,1070554.833
000001.SZ,20221108,10.89,10.92,10.78,10.85,10.88,-0.03,-0.2757,583222.05,632835.805
000001.SZ,20221109,10.84,11.08,10.82,10.89,10.85,0.04,0.3687,832106.85,911153.622
000001.SZ,20221110,10.79,10.9,10.69,10.87,10.89,-0.02,-0.1837,552021.19,596916.589
000001.SZ,20221111,11.13,11.66,11.01,11.43,10.87,0.56,5.1518,2545070.55,2878557.392
000001.SZ,20221114,11.7,12.28,11.7,11.95,11.43,0.52,4.5494,3872084.1,4637823.414
000001.SZ,20221115,11.86,12.18,11.83,12.01,11.95,0.06,0.5021,1573901.34,1891249.648
000001.SZ,20221116,11.97,12.05,11.79,11.82,12.01,-0.19,-1.582,1278692.88,1519133.932
000001.SZ,20221117,11.81,11.84,11.58,11.69,11.82,-0.13,-1.0998,1091047.16,1273790.881
000001.SZ,20221118,11.74,11.78,11.57,11.59,11.69,-0.1,-0.8554,868093.29,1011078.68
000001.SZ,20221121,11.48,11.5,11.22,11.46,11.59,-0.13,-1.1217,1047737.07,1189388.618
000001.SZ,20221122,11.46,11.93,11.44,11.82,11.46,0.36,3.1414,1491323.88,1748727.407
000001.SZ,20221123,11.78,12.05,11.72,11.82,11.82,0.0,0.0,1247656.53,1483352.652
000001.SZ,20221124,11.92,11.99,11.69,11.77,11.82,-0.05,-0.423,796718.82,941002.373
000001.SZ,20221125,11.79,12.23,11.77,12.17,11.77,0.4,3.3985,1760728.17,2130171.605
000001.SZ,20221128,11.9,11.92,11.69,11.81,12.17,-0.36,-2.9581,1331562.95,1568351.12
000001.SZ,20221129,12.16,12.99,12.13,12.99,11.81,1.18,9.9915,4749276.5,6026006.642
000001.SZ,20221130,12.9,13.34,12.82,13.03,12.99,0.04,0.3079,3209628.3,4206404.173
000001.SZ,20221201,13.38,13.66,13.07,13.1,13.03,0.07,0.5372,2002688.83,2658203.027
000001.SZ,20221202,13.14,13.15,12.69,12.9,13.1,-0.2,-1.5267,1404202.78,1803658.762
000001.SZ,20221205,13.09,13.57,13.01,13.53,12.9,0.63,4.8837,2287627.42,3057231.973
000001.SZ,20221206,13.34,13.66,13.25,13.43,13.53,-0.1,-0.7391,1252578.91,1680593.516
000001.SZ,20221207,13.33,13.37,13.03,13.15,13.43,-0.28,-2.0849,1377376.9,1815667.663
000001.SZ,20221208,13.15,13.52,13.12,13.36,13.15,0.21,1.597,1065722.8,1422047.905
000001.SZ,20221209,13.4,13.75,13.35,13.7,13.36,0.34,2.5449,1615831.92,2197501.649
000001.SZ,20221212,13.58,13.58,13.06,13.11,13.7,-0.59,-4.3066,1392584.28,1848277.967
000001.SZ,20221213,13.15,13.36,13.14,13.24,13.11,0.13,0.9916,902285.13,1194285.343
000001.SZ,20221214,13.23,13.4,13.08,13.23,13.24,-0.01,-0.0755,974061.1,1287867.945
000001.SZ,20221215,13.14,13.28,12.94,13.1,13.23,-0.13,-0.9826,835349.26,1094434.006
000001.SZ,20221216,13.02,13.4,13.02,13.34,13.1,0.24,1.8321,924251.67,1225269.166
000001.SZ,20221219,13.33,13.47,12.95,13.04,13.34,-0.3,-2.2489,1030866.06,1355435.567
000001.SZ,20221220,12.97,13.08,12.67,12.76,13.04,-0.28,-2.1472,896212.23,1150630.681
000001.SZ,20221221,12.85,12.99,12.74,12.89,12.76,0.13,1.0188,614589.64,791782.473
000001.SZ,20221222,13.0,13.15,12.9,12.95,12.89,0.06,0.4655,672394.3,876159.828
000001.SZ,20221223,12.85,13.06,12.8,12.98,12.95,0.03,0.2317,564426.41,730705.959
000001.SZ,20221226,12.99,13.04,12.71,12.77,12.98,-0.21,-1.6179,797119.87,1021903.963
000001.SZ,20221227,12.87,13.22,12.87,13.11,12.77,0.34,2.6625,886004.12,1160090.119
000001.SZ,20221228,13.16,13.38,13.0,13.14,13.11,0.03,0.2288,791191.98,1042402.08
000001.SZ,20221229,13.07,13.13,12.85,13.03,13.14,-0.11,-0.8371,666890.09,865144.967
000001.SZ,20221230,13.04,13.28,12.96,13.16,13.03,0.13,0.9977,818035.98,1074756.754
000001.SZ,20230103,13.2,13.85,13.05,13.77,13.16,0.61,4.6353,2194127.94,2971546.989
000001.SZ,20230104,13.71,14.42,13.63,14.32,13.77,0.55,3.9942,2189682.53,3110729.449
000001.SZ,20230105,14.4,14.74,14.37,14.48,14.32,0.16,1.1173,1665425.18,2417272.356
000001.SZ,20230106,14.5,14.72,14.48,14.62,14.48,0.14,0.9669,1195744.71,1747915.169
000001.SZ,20230109,14.75,14.88,14.52,14.8,14.62,0.18,1.2312,1057659.11,1561368.487
000001.SZ,20230110,14.76,14.89,14.39,14.44,14.8,-0.36,-2.4324,1269423.39,1851093.717
000001.SZ,20230111,14.45,14.78,14.39,14.67,14.44,0.23,1.5928,830566.12,1217450.812
000001.SZ,20230112,14.77,14.77,14.53,14.67,14.67,0.0,0.0,625694.84,914367.7
000001.SZ,20230113,14.67,14.95,14.55,14.95,14.67,0.28,1.9087,949085.83,1407181.074
000001.SZ,20230116,14.95,15.28,14.85,15.08,14.95,0.13,0.8696,1560039.89,2356399.993
000001.SZ,20230117,15.13,15.18,14.77,14.97,15.08,-0.11,-0.7294,935834.54,1396151.515
000001.SZ,20230118,14.95,15.18,14.91,15.11,14.97,0.14,0.9352,718434.03,1083362.998
000001.SZ,20230119,15.13,15.25,14.87,15.09,15.11,-0.02,-0.1324,641875.2,963744.633
000001.SZ,20230120,15.16,15.24,15.0,15.13,15.09,0.04,0.2651,608590.08,920144.806
000001.SZ,20230130,15.6,15.74,14.89,15.15,15.13,0.02,0.1322,1374317.5,2096867.649
000001.SZ,20230131,15.24,15.51,14.96,14.99,15.15,-0.16,-1.0561,1030497.84,1568639.326
000001.SZ,20230201,15.03,15.08,14.51,14.7,14.99,-0.29,-1.9346,1653421.48,2426471.973
000001.SZ,20230202,14.74,14.78,14.27,14.6,14.7,-0.1,-0.6803,1577900.39,2280744.883
000001.SZ,20230203,14.45,14.55,14.16,14.32,14.6,-0.28,-1.9178,1246382.98,1782105.891
000001.SZ,20230206,14.1,14.13,13.86,14.0,14.32,-0.32,-2.2346,1317610.1,1838428.709
000001.SZ,20230207,14.06,14.32,14.03,14.21,14.0,0.21,1.5,869460.46,1235297.763
000001.SZ,20230208,14.24,14.32,14.03,14.04,14.21,-0.17,-1.1963,657892.57,928708.934
000001.SZ,20230209,14.01,14.3,13.96,14.13,14.04,0.09,0.641,830350.02,1174361.963
000001.SZ,20230210,14.1,14.12,13.86,13.98,14.13,-0.15,-1.0616,847283.66,1184283.386
000001.SZ,20230213,13.94,13.94,13.6,13.82,13.98,-0.16,-1.1445,1800054.16,2473405.203
000001.SZ,20230214,13.85,13.98,13.8,13.96,13.82,0.14,1.013,909937.09,1263892.078
000001.SZ,20230215,13.95,13.96,13.62,13.67,13.96,-0.29,-2.0774,1250243.98,1713566.673
000001.SZ,20230216,13.68,13.91,13.5,13.6,13.67,-0.07,-0.5121,1279123.29,1757431.084
000001.SZ,20230217,13.63,13.72,13.43,13.43,13.6,-0.17,-1.25,918363.69,1246777.397
000001.SZ,20230220,13.5,14.15,13.49,14.15,13.43,0.72,5.3611,2116191.17,2945969.773
000001.SZ,20230221,14.06,14.2,13.92,14.1,14.15,-0.05,-0.3534,990494.99,1393153.377
000001.SZ,20230222,14.0,14.12,13.94,14.02,14.1,-0.08,-0.5674,638922.39,895742.534
000001.SZ,20230223,14.0,14.32,13.98,14.05,14.02,0.03,0.214,824490.68,1165539.851
000001.SZ,20230224,14.02,14.03,13.8,13.86,14.05,-0.19,-1.3523,729989.04,1012652.972
000001.SZ,20230227,13.75,13.88,13.68,13.69,13.86,-0.17,-1.2266,621461.93,854854.041
000001.SZ,20230228,13.75,13.85,13.61,13.78,13.69,0.09,0.6574,607935.92,833316.018
000001.SZ,20230301,13.8,14.19,13.74,14.17,13.78,0.39,2.8302,1223451.78,1719710.647
000001.SZ,20230302,14.13,14.44,14.06,14.24,14.17,0.07,0.494,1015876.84,1447565.98
000001.SZ,20230303,14.35,14.37,14.14,14.29,14.24,0.05,0.3511,690954.39,985552.121
000001.SZ,20230306,14.3,14.3,13.72,13.85,14.29,-0.44,-3.0791,1455824.14,2023954.547
000001.SZ,20230307,13.85,14.1,13.65,13.69,13.85,-0.16,-1.1552,1279266.29,1773654.737
000001.SZ,20230308,13.63,13.64,13.4,13.53,13.69,-0.16,-1.1687,1096897.91,1479838.98
000001.SZ,20230309,13.54,13.58,13.13,13.2,13.53,-0.33,-2.439,1736064.76,2305765.842
000001.SZ,20230310,13.0,13.27,13.0,13.14,13.2,-0.06,-0.4545,856996.1,1128558.36
000001.SZ,20230313,13.12,13.29,13.0,13.05,13.14,-0.09,-0.6849,1000634.96,1309490.079
000001.SZ,20230314,12.99,13.0,12.73,12.87,13.05,-0.18,-1.3793,1149075.58,1474124.199
000001.SZ,20230315,13.05,13.18,12.94,13.05,12.87,0.18,1.3986,979363.72,1278262.225
000001.SZ,20230316,12.89,13.03,12.8,12.82,13.05,-0.23,-1.7625,916792.49,1182054.434
000001.SZ,20230317,12.99,13.04,12.65,12.75,12.82,-0.07,-0.546,1556814.14,2000832.408
000001.SZ,20230320,12.76,12.85,12.55,12.57,12.75,-0.18,-1.4118,1188816.33,1505893.659
000001.SZ,20230321,12.65,12.78,12.5,12.7,12.57,0.13,1.0342,840743.17,1060914.056
000001.SZ,20230322,12.75,12.88,12.71,12.79,12.7,0.09,0.7087,876690.77,1121080.753
000001.SZ,20230323,12.7,12.9,12.63,12.9,12.79,0.11,0.86,804306.04,1029380.497
000001.SZ,20230324,12.85,12.86,12.76,12.82,12.9,-0.08,-0.6202,621518.75,796319.542
000001.SZ,20230327,12.8,12.81,12.46,12.6,12.82,-0.22,-1.7161,1008422.14,1266945.056
000001.SZ,20230328,12.66,12.73,12.55,12.64,12.6,0.04,0.3175,673868.43,851797.869
000001.SZ,20230329,12.73,12.74,12.5,12.53,12.64,-0.11,-0.8703,596064.33,750687.551
000001.SZ,20230330,12.55,12.71,12.41,12.68,12.53,0.15,1.1971,824546.24,1035422.932
000001.SZ,20230331,12.69,12.77,12.51,12.53,12.68,-0.15,-1.183,865491.66,1092263.437
000001.SZ,20230403,12.55,12.69,12.46,12.67,12.53,0.14,1.1173,740428.86,934285.179
000001.SZ,20230404,12.64,12.72,12.59,12.65,12.67,-0.02,-0.1579,647457.22,817726.527
000001.SZ,20230406,12.6,12.61,12.5,12.58,12.65,-0.07,-0.5534,563321.3,706480.66
000001.SZ,20230407,12.57,12.69,12.5,12.62,12.58,0.04,0.318,607925.26,767354.797
000001.SZ,20230410,12.64,12.7,12.58,12.68,12.62,0.06,0.4754,640181.81,809943.148
000001.SZ,20230411,12.7,12.72,12.52,12.54,12.68,-0.14,-1.1041,777779.62,978302.908
000001.SZ,20230412,12.58,12.59,12.45,12.48,12.54,-0.06,-0.4785,909957.06,1136997.696
000001.SZ,20230413,12.41,12.67,12.3,12.56,12.48,0.08,0.641,1131591.46,1413919.037
000001.SZ,20230414,12.6,12.9,12.58,12.69,12.56,0.13,1.035,1297994.84,1653539.531
000001.SZ,20230417,12.66,12.94,12.6,12.93,12.69,0.24,1.8913,1304212.59,1669357.649
000001.SZ,20230418,12.93,13.2,12.89,13.0,12.93,0.07,0.5414,1538936.15,2009934.875
000001.SZ,20230419,13.02,13.07,12.83,12.85,13.0,-0.15,-1.1538,1014378.15,1309536.002
000001.SZ,20230420,12.9,12.9,12.62,12.75,12.85,-0.1,-0.7782,811788.41,1033330.704
000001.SZ,20230421,12.7,12.83,12.48,12.5,12.75,-0.25,-1.9608,918668.39,1160509.766
000001.SZ,20230424,12.48,12.5,12.03,12.1,12.5,-0.4,-3.2,1467671.92,1798133.967
000001.SZ,20230425,12.14,12.37,12.12,12.28,12.1,0.18,1.4876,1301900.82,1595320.17
000001.SZ,20230426,12.25,12.25,11.99,12.12,12.28,-0.16,-1.3029,991260.4,1197555.724
000001.SZ,20230427,12.06,12.35,12.0,12.26,12.12,0.14,1.1551,1004093.37,1222755.932
000001.SZ,20230428,12.26,12.78,12.22,12.55,12.26,0.29,2.3654,1445254.34,1816868.033
000001.SZ,20230504,12.4,12.83,12.19,12.73,12.55,0.18,1.4343,1478264.38,1863146.144
000001.SZ,20230505,12.78,13.11,12.75,12.91,12.73,0.18,1.414,1762188.65,2283981.032
000001.SZ,20230508,12.94,13.49,12.84,13.32,12.91,0.41,3.1758,2630718.61,3478891.629
000001.SZ,20230509,13.4,13.6,13.13,13.16,13.32,-0.16,-1.2012,2422534.45,3238716.471
000001.SZ,20230510,13.17,13.26,12.8,12.84,13.16,-0.32,-2.4316,1237053.39,1600189.994
000001.SZ,20230511,12.95,13.12,12.8,12.85,12.84,0.01,0.0779,903758.44,1166479.365
000001.SZ,20230512,12.82,12.87,12.61,12.62,12.85,-0.23,-1.7899,885603.68,1124579.091
000001.SZ,20230515,12.68,12.85,12.45,12.83,12.62,0.21,1.664,928325.63,1173804.243
000001.SZ,20230516,12.8,12.92,12.57,12.62,12.83,-0.21,-1.6368,998301.69,1267712.09
000001.SZ,20230517,12.58,12.64,12.44,12.49,12.62,-0.13,-1.0301,754621.2,945315.193
000001.SZ,20230518,12.57,12.64,12.43,12.49,12.49,0.0,0.0,687186.87,861347.534
000001.SZ,20230519,12.43,12.44,12.32,12.34,12.49,-0.15,-1.201,688413.68,851165.594
000001.SZ,20230522,12.31,12.45,12.31,12.38,12.34,0.04,0.3241,549327.85,679754.868
000001.SZ,20230523,12.38,12.41,12.21,12.21,12.38,-0.17,-1.3732,694364.36,852871.175
000001.SZ,20230524,12.2,12.21,12.01,12.01,12.21,-0.2,-1.638,824250.88,996600.578
000001.SZ,20230525,11.99,12.0,11.81,11.93,12.01,-0.08,-0.6661,882744.3,1050002.542
000001.SZ,20230526,11.93,12.13,11.84,12.1,11.93,0.17,1.425,511428.64,613772.897
000001.SZ,20230529,12.11,12.13,11.95,11.98,12.1,-0.12,-0.9917,566073.82,680275.578
000001.SZ,20230530,11.98,11.99,11.8,11.87,11.98,-0.11,-0.9182,763996.92,906316.374
000001.SZ,20230531,11.82,11.84,11.58,11.6,11.87,-0.27,-2.2746,1179586.71,1376758.357
000001.SZ,20230601,11.6,11.68,11.5,11.59,11.6,-0.01,-0.0862,743022.93,861646.489
000001.SZ,20230602,11.68,11.97,11.64,11.93,11.59,0.34,2.9336,1221842.53,1446502.669
000001.SZ,20230605,11.88,12.0,11.82,11.91,11.93,-0.02,-0.1676,521846.19,620531.416
000001.SZ,20230606,11.91,12.09,11.82,11.84,11.91,-0.07,-0.5877,833273.47,997039.312
000001.SZ,20230607,11.89,12.07,11.88,11.94,11.84,0.1,0.8446,643697.84,770386.878
000001.SZ,20230608,11.96,12.2,11.86,12.12,11.94,0.18,1.5075,869397.12,1048266.236
000001.SZ,20230609,12.06,12.09,11.85,11.88,12.12,-0.24,-1.9802,1315284.76,1566929.274
000001.SZ,20230612,11.82,11.9,11.76,11.79,11.88,-0.09,-0.7576,758747.03,896015.709
000001.SZ,20230613,11.76,11.84,11.69,11.77,11.79,-0.02,-0.1696,849988.05,1000183.567
000001.SZ,20230614,11.55,11.73,11.46,11.47,11.49,-0.02,-0.1741,1069200.04,1237376.776
000001.SZ,20230615,11.49,11.63,11.39,11.61,11.47,0.14,1.2206,925300.56,1064567.231
000001.SZ,20230616,11.61,11.67,11.57,11.63,11.61,0.02,0.1723,842033.65,978869.317
000001.SZ,20230619,11.63,11.63,11.41,11.45,11.63,-0.18,-1.5477,953997.07,1096351.097
000001.SZ,20230620,11.44,11.46,11.35,11.36,11.45,-0.09,-0.786,544550.79,620374.308
000001.SZ,20230621,11.36,11.48,11.34,11.35,11.36,-0.01,-0.088,616582.96,703681.564
000001.SZ,20230626,11.3,11.3,11.15,11.18,11.35,-0.17,-1.4978,676577.43,757975.992
000001.SZ,20230627,11.2,11.32,11.17,11.28,11.18,0.1,0.8945,461701.78,519520.687
000001.SZ,20230628,11.28,11.33,11.22,11.3,11.28,0.02,0.1773,365396.44,412039.354
000001.SZ,20230629,11.29,11.29,11.17,11.18,11.3,-0.12,-1.0619,485906.3,544534.826
000001.SZ,20230630,11.18,11.31,11.15,11.23,11.18,0.05,0.4472,519052.58,583494.655
000001.SZ,20230703,11.24,11.53,11.23,11.49,11.23,0.26,2.3152,885090.71,1009887.429
000001.SZ,20230704,11.46,11.49,11.32,11.4,11.49,-0.09,-0.7833,616300.56,701885.27
000001.SZ,20230705,11.36,11.4,11.3,11.34,11.4,-0.06,-0.5263,423482.4,479726.282
000001.SZ,20230706,11.3,11.34,11.21,11.24,11.34,-0.1,-0.8818,597095.91,672396.816
000001.SZ,20230707,11.2,11.27,11.18,11.2,11.24,-0.04,-0.3559,484440.83,543212.456
000001.SZ,20230710,11.25,11.28,11.17,11.2,11.2,0.0,0.0,495882.28,556581.582
000001.SZ,20230711,11.22,11.26,11.19,11.21,11.2,0.01,0.0893,570809.09,640131.787
000001.SZ,20230712,11.23,11.36,11.22,11.24,11.21,0.03,0.2676,736083.67,830230.821
000001.SZ,20230713,11.32,11.47,11.27,11.43,11.24,0.19,1.6904,1124229.73,1281848.379
000001.SZ,20230714,11.43,11.55,11.4,11.46,11.43,0.03,0.2625,719146.99,825295.738
000001.SZ,20230717,11.41,11.41,11.26,11.31,11.46,-0.15,-1.3089,608342.58,687262.894
000001.SZ,20230718,11.29,11.32,11.22,11.25,11.31,-0.06,-0.5305,471966.18,531299.773
000001.SZ,20230719,11.23,11.32,11.23,11.31,11.25,0.06,0.5333,382195.96,430771.279
000001.SZ,20230720,11.33,11.44,11.29,11.32,11.31,0.01,0.0884,554069.57,629696.111
000001.SZ,20230721,11.31,11.39,11.28,11.34,11.32,0.02,0.1767,377102.56,427375.95
000001.SZ,20230724,11.33,11.33,11.24,11.26,11.34,-0.08,-0.7055,426852.18,480713.396
000001.SZ,20230725,11.45,11.73,11.44,11.72,11.26,0.46,4.0853,2032958.19,2358815.16
000001.SZ,20230726,11.65,11.74,11.56,11.67,11.72,-0.05,-0.4266,751662.68,875260.135
000001.SZ,20230727,11.68,11.87,11.65,11.75,11.67,0.08,0.6855,1115195.86,1314228.294
000001.SZ,20230728,11.69,12.3,11.67,12.26,11.75,0.51,4.3404,2347013.46,2839828.237
000001.SZ,20230731,12.3,12.5,12.23,12.32,12.26,0.06,0.4894,1854952.39,2288940.411
000001.SZ,20230801,12.26,12.37,12.13,12.16,12.32,-0.16,-1.2987,957734.78,1169570.705
000001.SZ,20230802,12.06,12.24,11.93,12.03,12.16,-0.13,-1.0691,1115900.04,1343864.165
000001.SZ,20230803,11.99,12.37,11.95,12.33,12.03,0.3,2.4938,1175847.71,1433255.493
000001.SZ,20230804,12.42,12.53,12.21,12.3,12.33,-0.03,-0.2433,1303131.02,1611435.431
000001.SZ,20230807,12.21,12.25,12.12,12.16,12.3,-0.14,-1.1382,646913.26,786506.452
000001.SZ,20230808,12.12,12.21,12.0,12.1,12.16,-0.06,-0.4934,725704.56,877489.188
000001.SZ,20230809,12.06,12.2,12.05,12.17,12.1,0.07,0.5785,577607.74,702060.797
000001.SZ,20230810,12.15,12.21,12.06,12.16,12.17,-0.01,-0.0822,475594.53,577123.92
000001.SZ,20230811,12.17,12.27,11.89,11.89,12.16,-0.27,-2.2204,943538.57,1132867.239
000001.SZ,20230814,11.76,11.78,11.59,11.67,11.89,-0.22,-1.8503,975920.18,1139185.249
000001.SZ,20230815,11.69,11.8,11.6,11.73,11.67,0.06,0.5141,712812.77,834163.04
000001.SZ,20230816,11.67,11.85,11.61,11.73,11.73,0.0,0.0,572904.37,671706.045
000001.SZ,20230817,11.67,11.7,11.46,11.57,11.73,-0.16,-1.364,965057.75,1116292.662
000001.SZ,20230818,11.58,11.74,11.53,11.56,11.57,-0.01,-0.0864,659818.85,767047.287
000001.SZ,20230821,11.56,11.58,11.32,11.32,11.56,-0.24,-2.0761,701497.85,799641.424
000001.SZ,20230822,11.38,11.45,11.31,11.37,11.32,0.05,0.4417,606808.09,689991.238
000001.SZ,20230823,11.35,11.42,11.24,11.25,11.37,-0.12,-1.0554,691809.98,783102.827
000001.SZ,20230824,11.29,11.32,11.05,11.13,11.25,-0.12,-1.0667,1291270.7,1439197.084
000001.SZ,20230825,11.1,11.33,11.08,11.23,11.13,0.1,0.8985,845349.92,946760.251
000001.SZ,20230828,11.84,11.93,11.49,11.52,11.23,0.29,2.5824,1997609.87,2336205.801
000001.SZ,20230829,11.47,11.49,11.13,11.31,11.52,-0.21,-1.8229,1964961.43,2217588.61
000001.SZ,20230830,11.27,11.27,11.13,11.13,11.31,-0.18,-1.5915,1375638.29,1537573.551
000001.SZ,20230831,11.14,11.22,11.12,11.13,11.13,0.0,0.0,806474.03,900123.575
000001.SZ,20230901,11.19,11.36,11.19,11.32,11.13,0.19,1.7071,1138704.83,1285169.019
000001.SZ,20230904,11.35,11.59,11.33,11.56,11.32,0.24,2.1201,1410029.23,1621769.196
000001.SZ,20230905,11.5,11.51,11.36,11.39,11.56,-0.17,-1.4706,804177.16,917888.859
000001.SZ,20230906,11.33,11.46,11.3,11.43,11.39,0.04,0.3512,634840.51,721905.682
000001.SZ,20230907,11.4,11.44,11.32,11.33,11.43,-0.1,-0.8749,540041.57,613812.176
000001.SZ,20230908,11.28,11.32,11.23,11.27,11.33,-0.06,-0.5296,479029.67,539624.963
000001.SZ,20230911,11.3,11.4,11.27,11.34,11.27,0.07,0.6211,654485.58,741764.911
000001.SZ,20230912,11.35,11.35,11.25,11.28,11.34,-0.06,-0.5291,495485.06,559058.536
000001.SZ,20230913,11.29,11.32,11.21,11.25,11.28,-0.03,-0.266,490217.97,551747.628
000001.SZ,20230914,11.28,11.33,11.25,11.29,11.25,0.04,0.3556,551650.17,622906.053
000001.SZ,20230915,11.35,11.4,11.2,11.22,11.29,-0.07,-0.62,890476.13,1005529.161
000001.SZ,20230918,11.22,11.24,11.14,11.23,11.22,0.01,0.0891,501325.01,561449.77
000001.SZ,20230919,11.22,11.23,11.16,11.21,11.23,-0.02,-0.1781,503664.32,564044.044
000001.SZ,20230920,11.2,11.22,11.15,11.15,11.21,-0.06,-0.5352,558872.41,624785.495
000001.SZ,20230921,11.14,11.14,11.04,11.05,11.15,-0.1,-0.8969,843930.11,934673.194
000001.SZ,20230922,11.03,11.25,11.03,11.24,11.05,0.19,1.7195,911484.3,1017137.922
000001.SZ,20230925,11.24,11.32,11.19,11.22,11.24,-0.02,-0.1779,761211.25,856022.502
000001.SZ,20230926,11.22,11.26,11.14,11.16,11.22,-0.06,-0.5348,444980.35,497885.811
000001.SZ,20230927,11.15,11.22,11.15,11.17,11.16,0.01,0.0896,490310.61,547905.821
000001.SZ,20230928,11.19,11.24,11.18,11.2,11.17,0.03,0.2686,520696.78,583649.73
000001.SZ,20231009,11.16,11.17,11.06,11.11,11.2,-0.09,-0.8036,695828.09,772959.353
000001.SZ,20231010,11.19,11.2,11.02,11.02,11.11,-0.09,-0.8101,820748.51,910160.342
000001.SZ,20231011,11.09,11.09,10.96,10.98,11.02,-0.04,-0.363,724115.69,797663.827
000001.SZ,20231012,11.11,11.16,11.04,11.11,10.98,0.13,1.184,853057.5,947562.325
000001.SZ,20231013,11.03,11.07,10.95,11.0,11.11,-0.11,-0.9901,684483.08,753110.726
000001.SZ,20231016,11.0,11.03,10.95,11.01,11.0,0.01,0.0909,501624.32,550988.72
000001.SZ,20231017,11.01,11.05,10.96,11.02,11.01,0.01,0.0908,493525.05,543170.901
000001.SZ,20231018,10.99,11.02,10.91,10.95,11.02,-0.07,-0.6352,651824.92,713979.896
000001.SZ,20231019,10.91,10.92,10.59,10.6,10.95,-0.35,-3.1963,1188960.83,1271914.677
000001.SZ,20231020,10.55,10.67,10.51,10.6,10.6,0.0,0.0,526139.12,557618.632
000001.SZ,20231023,10.59,10.6,10.43,10.5,10.6,-0.1,-0.9434,530404.48,557032.229
000001.SZ,20231024,10.54,10.61,10.44,10.55,10.5,0.05,0.4762,760652.69,801528.404
000001.SZ,20231025,10.51,10.54,10.36,10.38,10.55,-0.17,-1.6114,1411449.68,1470971.924
000001.SZ,20231026,10.31,10.42,10.3,10.41,10.38,0.03,0.289,599991.47,621915.277
000001.SZ,20231027,10.38,10.48,10.33,10.45,10.41,0.04,0.3842,919771.36,957587.534
000001.SZ,20231030,10.4,10.47,10.35,10.45,10.45,0.0,0.0,805689.55,837646.002
000001.SZ,20231031,10.43,10.49,10.41,10.46,10.45,0.01,0.0957,652855.23,682212.138
000001.SZ,20231101,10.55,10.56,10.45,10.48,10.46,0.02,0.1912,567300.35,595211.885
000001.SZ,20231102,10.5,10.6,10.47,10.48,10.48,0.0,0.0,619429.95,652316.67
000001.SZ,20231103,10.49,10.52,10.43,10.48,10.48,0.0,0.0,705463.47,738879.704
000001.SZ,20231106,10.51,10.69,10.51,10.69,10.48,0.21,2.0038,1007062.21,1069206.838
000001.SZ,20231107,10.66,10.66,10.58,10.6,10.69,-0.09,-0.8419,640866.12,679815.569
000001.SZ,20231108,10.58,10.6,10.45,10.5,10.6,-0.1,-0.9434,877818.75,923622.008
000001.SZ,20231109,10.46,10.52,10.43,10.49,10.5,-0.01,-0.0952,639136.48,669639.052
000001.SZ,20231110,10.45,10.47,10.29,10.3,10.49,-0.19,-1.8112,1045044.17,1080649.734
000001.SZ,20231113,10.31,10.33,10.22,10.25,10.3,-0.05,-0.4854,770043.1,789007.118
000001.SZ,20231114,10.24,10.33,10.23,10.27,10.25,0.02,0.1951,596858.88,613377.698
000001.SZ,20231115,10.37,10.45,10.34,10.37,10.27,0.1,0.9737,1109140.15,1152154.78
000001.SZ,20231116,10.38,10.39,10.23,10.24,10.37,-0.13,-1.2536,922621.94,948395.097
000001.SZ,20231117,10.22,10.25,10.12,10.15,10.24,-0.09,-0.8789,903362.17,917616.681
000001.SZ,20231120,10.15,10.22,10.1,10.19,10.15,0.04,0.3941,639528.31,650077.37
000001.SZ,20231121,10.23,10.35,10.22,10.28,10.19,0.09,0.8832,1041165.73,1072311.504
000001.SZ,20231122,10.26,10.31,10.14,10.16,10.28,-0.12,-1.1673,737489.51,753064.758
000001.SZ,20231123,10.15,10.16,10.07,10.15,10.16,-0.01,-0.0984,846655.87,855904.312
000001.SZ,20231124,10.11,10.13,10.08,10.1,10.15,-0.05,-0.4926,684694.56,691423.444
000001.SZ,20231127,10.09,10.09,9.97,10.01,10.1,-0.09,-0.8911,836187.85,836268.369
000001.SZ,20231128,9.99,10.02,9.95,9.95,10.01,-0.06,-0.5994,786174.69,784405.805
000001.SZ,20231129,9.95,9.97,9.7,9.72,9.95,-0.23,-2.3116,1467596.62,1438320.264
000001.SZ,20231130,9.69,9.73,9.62,9.68,9.72,-0.04,-0.4115,901764.57,871481.712
000001.SZ,20231201,9.65,9.68,9.58,9.66,9.68,-0.02,-0.2066,778056.99,749668.364
000001.SZ,20231204,9.67,9.68,9.61,9.63,9.66,-0.03,-0.3106,605437.85,583664.338
000001.SZ,20231205,9.61,9.62,9.47,9.48,9.63,-0.15,-1.5576,787378.48,750961.22
000001.SZ,20231206,9.44,9.57,9.4,9.5,9.48,0.02,0.211,753055.92,714029.469
000001.SZ,20231207,9.49,9.49,9.38,9.44,9.5,-0.06,-0.6316,585380.19,552224.831
000001.SZ,20231208,9.41,9.45,9.3,9.3,9.44,-0.14,-1.4831,1021151.5,957664.581
000001.SZ,20231211,9.22,9.38,9.13,9.35,9.3,0.05,0.5376,1133662.81,1044765.735
000001.SZ,20231212,9.31,9.5,9.3,9.42,9.35,0.07,0.7487,855016.42,805067.628
000001.SZ,20231213,9.38,9.39,9.15,9.16,9.42,-0.26,-2.7601,1061301.65,981001.231
000001.SZ,20231214,9.21,9.28,9.15,9.15,9.16,-0.01,-0.1092,742900.56,683211.466
000001.SZ,20231215,9.2,9.35,9.19,9.21,9.15,0.06,0.6557,988939.42,915126.127
000001.SZ,20231218,9.18,9.24,9.09,9.13,9.21,-0.08,-0.8686,654425.62,599379.044
000001.SZ,20231219,9.12,9.17,9.07,9.1,9.13,-0.03,-0.3286,644070.88,586716.664
000001.SZ,20231220,9.11,9.15,9.03,9.03,9.1,-0.07,-0.7692,715633.63,650511.343
000001.SZ,20231221,9.01,9.19,8.99,9.17,9.03,0.14,1.5504,1017046.76,925407.073
000001.SZ,20231222,9.19,9.28,9.11,9.2,9.17,0.03,0.3272,1005645.02,924998.769
000001.SZ,20231225,9.18,9.2,9.14,9.19,9.2,-0.01,-0.1087,413970.88,379638.234
000001.SZ,20231226,9.19,9.2,9.07,9.1,9.19,-0.09,-0.9793,541896.33,493746.623
000001.SZ,20231227,9.1,9.13,9.02,9.12,9.1,0.02,0.2198,641534.35,582036.661
000001.SZ,20231228,9.11,9.47,9.08,9.45,9.12,0.33,3.6184,1661591.84,1550256.591
000001.SZ,20231229,9.42,9.48,9.35,9.39,9.45,-0.06,-0.6349,853852.79,803196.744
000001.SZ,20240102,9.39,9.42,9.21,9.21,9.39,-0.18,-1.9169,1158366.45,1075742.252
000001.SZ,20240103,9.19,9.22,9.15,9.2,9.21,-0.01,-0.1086,733610.31,673673.614
000001.SZ,20240104,9.19,9.19,9.08,9.11,9.2,-0.09,-0.9783,864193.99,787470.082
000001.SZ,20240105,9.1,9.44,9.07,9.27,9.11,0.16,1.7563,1991622.16,1852659.692
000001.SZ,20240108,9.23,9.3,9.11,9.15,9.27,-0.12,-1.2945,1121156.19,1029006.549
000001.SZ,20240109,9.16,9.19,9.09,9.18,9.15,0.03,0.3279,766193.88,700375.72
000001.SZ,20240110,9.16,9.19,9.09,9.09,9.18,-0.09,-0.9804,858620.91,783771.15
000001.SZ,20240111,9.08,9.22,9.03,9.17,9.09,0.08,0.8801,934686.37,853890.237
000001.SZ,20240112,9.13,9.27,9.11,9.19,9.17,0.02,0.2181,772582.15,711018.266
000001.SZ,20240115,9.16,9.29,9.13,9.21,9.19,0.02,0.2176,745132.66,685950.951
000001.SZ,20240116,9.19,9.35,9.16,9.34,9.21,0.13,1.4115,1438312.58,1334465.409
000001.SZ,20240117,9.33,9.39,9.23,9.23,9.34,-0.11,-1.1777,1482296.21,1380725.065
000001.SZ,20240118,9.21,9.24,9.0,9.2,9.23,-0.03,-0.325,1755132.47,1597853.727
000001.SZ,20240119,9.16,9.2,9.1,9.17,9.2,-0.03,-0.3261,963981.42,881865.024
000001.SZ,20240122,9.16,9.26,9.04,9.1,9.17,-0.07,-0.7634,1580319.66,1449858.242
000001.SZ,20240123,9.05,9.18,8.96,9.16,9.1,0.06,0.6593,1135544.58,1030898.421
000001.SZ,20240124,9.23,9.34,9.07,9.33,9.16,0.17,1.8559,1759123.16,1620099.272
000001.SZ,20240125,9.33,9.54,9.27,9.5,9.33,0.17,1.8221,2162513.95,2037648.413
000001.SZ,20240126,9.47,9.67,9.44,9.62,9.5,0.12,1.2632,2272287.06,2172799.799
000001.SZ,20240129,9.69,9.88,9.58,9.7,9.62,0.08,0.8316,2376251.84,2312173.346
000001.SZ,20240130,9.61,9.7,9.49,9.5,9.7,-0.2,-2.0619,1579122.14,1515156.604
000001.SZ,20240131,9.46,9.56,9.38,9.46,9.5,-0.04,-0.4211,1357217.47,1286857.397
000001.SZ,20240201,9.41,9.48,9.34,9.41,9.46,-0.05,-0.5285,1055259.87,993481.907
000001.SZ,20240202,9.42,9.47,9.07,9.27,9.41,-0.14,-1.4878,1634214.31,1520605.695
000001.SZ,20240205,9.19,9.43,9.11,9.38,9.27,0.11,1.1866,1803591.9,1674566.499
000001.SZ,20240206,9.3,9.68,9.29,9.68,9.38,0.3,3.1983,1995409.54,1900324.218
000001.SZ,20240207,9.62,9.67,9.48,9.61,9.68,-0.07,-0.7231,2062014.97,1975435.102
000001.SZ,20240208,9.58,9.67,9.52,9.67,9.61,0.06,0.6243,1656813.84,1593505.69
000001.SZ,20240219,9.76,9.81,9.65,9.81,9.67,0.14,1.4478,1605242.65,1564088.445
000001.SZ,20240220,9.79,9.84,9.73,9.82,9.81,0.01,0.1019,1123563.98,1098987.813
000001.SZ,20240221,9.78,10.8,9.77,10.8,9.82,0.98,9.9796,5055284.6,5295259.397
000001.SZ,20240222,10.65,10.91,10.62,10.9,10.8,0.1,0.9259,4922325.12,5307736.374
000001.SZ,20240223,10.88,11.24,10.84,10.85,10.9,-0.05,-0.4587,3567479.5,3917316.282
000001.SZ,20240226,10.78,10.88,10.5,10.53,10.85,-0.32,-2.9493,2862608.88,3048205.025
000001.SZ,20240227,10.49,10.6,10.46,10.5,10.53,-0.03,-0.2849,1981904.92,2083027.074
000001.SZ,20240228,10.51,10.7,10.4,10.49,10.5,-0.01,-0.0952,3082692.65,3253340.358
000001.SZ,20240229,10.42,10.59,10.41,10.59,10.49,0.1,0.9533,1845344.23,1936020.983
000001.SZ,20240301,10.59,10.6,10.43,10.49,10.59,-0.1,-0.9443,1828102.9,1917689.307
000001.SZ,20240304,10.45,10.5,10.32,10.33,10.49,-0.16,-1.5253,1655929.54,1719562.862
000001.SZ,20240305,10.3,10.47,10.26,10.43,10.33,0.1,0.9681,1817319.07,1889144.33
000001.SZ,20240306,10.4,10.45,10.33,10.33,10.43,-0.1,-0.9588,1345640.16,1396940.06
000001.SZ,20240307,10.33,10.64,10.33,10.38,10.33,0.05,0.484,2016165.89,2109589.237
000001.SZ,20240308,10.35,10.44,10.3,10.38,10.38,0.0,0.0,1113974.28,1154491.251
000001.SZ,20240311,10.38,10.47,10.34,10.47,10.38,0.09,0.8671,1210672.98,1260212.02
000001.SZ,20240312,10.48,10.59,10.41,10.56,10.47,0.09,0.8596,1641262.37,1721999.708
000001.SZ,20240313,10.53,10.55,10.3,10.33,10.56,-0.23,-2.178,1768039.11,1834654.994
000001.SZ,20240314,10.3,10.38,10.2,10.23,10.33,-0.1,-0.9681,1409399.73,1448499.698
000001.SZ,20240315,10.55,10.75,10.5,10.6,10.23,0.37,3.6168,3750207.89,3973799.131
000001.SZ,20240318,10.56,10.61,10.49,10.54,10.6,-0.06,-0.566,1671396.51,1761249.15
000001.SZ,20240319,10.53,10.54,10.39,10.4,10.54,-0.14,-1.3283,1293215.58,1351069.63
000001.SZ,20240320,10.38,10.47,10.37,10.45,10.4,0.05,0.4808,872663.16,910278.573
000001.SZ,20240321,10.45,10.52,10.42,10.47,10.45,0.02,0.1914,864466.25,905422.294
000001.SZ,20240322,10.45,10.45,10.31,10.36,10.47,-0.11,-1.0506,1028141.74,1065535.606
000001.SZ,20240325,10.35,10.49,10.32,10.4,10.36,0.04,0.3861,953202.21,993304.12
000001.SZ,20240326,10.45,10.66,10.42,10.6,10.4,0.2,1.9231,1740021.46,1835376.191
000001.SZ,20240327,10.56,10.63,10.51,10.53,10.6,-0.07,-0.6604,1274135.99,1347397.15
000001.SZ,20240328,10.51,10.57,10.38,10.49,10.53,-0.04,-0.3799,1302188.92,1362980.388
000001.SZ,20240329,10.45,10.57,10.43,10.52,10.49,0.03,0.286,872758.98,917332.316
000001.SZ,20240401,10.52,10.65,10.51,10.64,10.52,0.12,1.1407,1191087.96,1261770.38
000001.SZ,20240402,10.63,10.68,10.53,10.55,10.64,-0.09,-0.8459,1085458.26,1149700.8
000001.SZ,20240403,10.53,10.55,10.42,10.46,10.55,-0.09,-0.8531,981845.85,1028648.883
000001.SZ,20240408,10.42,10.49,10.37,10.43,10.46,-0.03,-0.2868,906360.52,945290.441
000001.SZ,20240409,10.43,10.47,10.36,10.4,10.43,-0.03,-0.2876,857156.73,891468.991
000001.SZ,20240410,10.38,10.41,10.27,10.28,10.4,-0.12,-1.1538,1246390.82,1288696.196
000001.SZ,20240411,10.24,10.29,10.12,10.25,10.28,-0.03,-0.2918,1010213.4,1030820.137
000001.SZ,20240412,10.22,10.27,10.04,10.06,10.25,-0.19,-1.8537,1305453.71,1322011.754
000001.SZ,20240415,10.07,10.32,10.06,10.29,10.06,0.23,2.2863,1453202.6,1486326.196
000001.SZ,20240416,10.28,10.39,10.22,10.28,10.29,-0.01,-0.0972,1478036.43,1523138.499
000001.SZ,20240417,10.26,10.63,10.21,10.62,10.28,0.34,3.3074,2232640.57,2337576.587
000001.SZ,20240418,10.58,11.03,10.56,10.8,10.62,0.18,1.6949,3165914.26,3427338.982
000001.SZ,20240419,10.71,10.82,10.66,10.69,10.8,-0.11,-1.0185,1457675.02,1562376.147
000001.SZ,20240422,10.64,10.81,10.45,10.5,10.69,-0.19,-1.7774,2009818.37,2125722.741
000001.SZ,20240423,10.51,10.65,10.46,10.54,10.5,0.04,0.381,1240027.0,1308866.093
000001.SZ,20240424,10.52,10.57,10.46,10.53,10.54,-0.01,-0.0949,941567.74,989093.538
000001.SZ,20240425,10.5,10.62,10.48,10.61,10.53,0.08,0.7597,1113812.24,1176304.525
000001.SZ,20240426,10.59,10.67,10.48,10.6,10.61,-0.01,-0.0943,1607627.51,1698581.437
000001.SZ,20240429,10.56,10.9,10.52,10.81,10.6,0.21,1.9811,2169177.37,2337350.884
000001.SZ,20240430,10.8,10.88,10.73,10.79,10.81,-0.02,-0.185,1324556.53,1431407.709
000001.SZ,20240506,10.96,11.11,10.84,10.89,10.79,0.1,0.9268,1784100.57,1953817.493
000001.SZ,20240507,10.87,10.89,10.76,10.88,10.89,-0.01,-0.0918,1087056.65,1176786.413
000001.SZ,20240508,10.84,10.88,10.71,10.73,10.88,-0.15,-1.3787,1221791.27,1318612.0
000001.SZ,20240509,10.71,10.82,10.71,10.76,10.73,0.03,0.2796,1069460.63,1150726.858
000001.SZ,20240510,10.77,10.96,10.76,10.94,10.76,0.18,1.6729,1767835.61,1923452.177
000001.SZ,20240513,10.9,11.01,10.81,10.97,10.94,0.03,0.2742,1402498.6,1530058.92
000001.SZ,20240514,11.0,11.06,10.88,10.91,10.97,-0.06,-0.5469,1075783.91,1176577.328
000001.SZ,20240515,10.9,10.92,10.81,10.83,10.91,-0.08,-0.7333,868296.6,942907.951
000001.SZ,20240516,10.85,11.21,10.83,11.17,10.83,0.34,3.1394,3076291.65,3410151.917
000001.SZ,20240517,11.18,11.42,11.13,11.42,11.17,0.25,2.2381,2841748.85,3200736.554
000001.SZ,20240520,11.43,11.53,11.31,11.38,11.42,-0.04,-0.3503,2170210.3,2475290.152
000001.SZ,20240521,11.32,11.62,11.31,11.55,11.38,0.17,1.4938,2030049.41,2336192.875
000001.SZ,20240522,11.56,11.74,11.46,11.56,11.55,0.01,0.0866,2115531.38,2458448.97
000001.SZ,20240523,11.53,11.59,11.37,11.4,11.56,-0.16,-1.3841,1841622.9,2110799.282
000001.SZ,20240524,11.37,11.49,11.3,11.31,11.4,-0.09,-0.7895,1398275.84,1593330.336
000001.SZ,20240527,11.31,11.53,11.31,11.51,11.31,0.2,1.7683,1454361.43,1663272.118
000001.SZ,20240528,11.5,11.58,11.36,11.4,11.51,-0.11,-0.9557,1204322.85,1377107.204
000001.SZ,20240529,11.38,11.45,11.23,11.26,11.4,-0.14,-1.2281,1444811.11,1635445.613
000001.SZ,20240530,11.24,11.34,11.06,11.12,11.26,-0.14,-1.2433,1325496.35,1481608.711
000001.SZ,20240531,11.14,11.19,11.11,11.11,11.12,-0.01,-0.0899,826706.76,921248.146
000001.SZ,20240603,11.12,11.13,10.91,10.98,11.11,-0.13,-1.1701,1326696.75,1456086.024
000001.SZ,20240604,10.95,11.05,10.91,11.02,10.98,0.04,0.3643,981004.95,1079356.561
000001.SZ,20240605,11.04,11.07,10.87,10.87,11.02,-0.15,-1.3612,1018967.75,1114155.999
000001.SZ,20240606,10.9,10.98,10.88,10.9,10.87,0.03,0.276,1049331.53,1145989.426
000001.SZ,20240607,10.92,11.01,10.89,10.99,10.9,0.09,0.8257,1170126.04,1281662.986
000001.SZ,20240611,10.98,11.02,10.79,10.87,10.99,-0.12,-1.0919,1337628.54,1452841.957
000001.SZ,20240612,10.85,10.91,10.78,10.88,10.87,0.01,0.092,957426.35,1037927.497
000001.SZ,20240613,10.89,10.93,10.8,10.8,10.88,-0.08,-0.7353,1203507.79,1304403.407
000001.SZ,20240614,10.15,10.23,9.99,10.18,10.08,0.1,0.9921,1637990.47,1657433.955
000001.SZ,20240617,10.13,10.16,10.08,10.1,10.18,-0.08,-0.7859,681217.02,688669.914
000001.SZ,20240618,10.11,10.16,10.04,10.08,10.1,-0.02,-0.198,700653.08,707829.472
000001.SZ,20240619,10.1,10.21,10.08,10.15,10.08,0.07,0.6944,796184.18,807676.192
000001.SZ,20240620,10.16,10.17,10.05,10.05,10.15,-0.1,-0.9852,629627.57,635070.262
000001.SZ,20240621,10.05,10.09,9.95,10.0,10.05,-0.05,-0.4975,830545.28,831176.895
000001.SZ,20240624,9.97,10.07,9.88,9.98,10.0,-0.02,-0.2,947081.54,944907.466
000001.SZ,20240625,9.99,10.13,9.98,10.08,9.98,0.1,1.002,769992.81,775332.072
000001.SZ,20240626,10.06,10.13,10.02,10.08,10.08,0.0,0.0,628598.71,633763.882
000001.SZ,20240627,10.06,10.21,10.0,10.13,10.08,0.05,0.496,928881.97,938954.398
000001.SZ,20240628,10.1,10.26,10.09,10.15,10.13,0.02,0.1974,918089.92,933947.813
000001.SZ,20240701,10.09,10.35,10.04,10.35,10.15,0.2,1.9704,1343051.49,1372549.62
000001.SZ,20240702,10.3,10.48,10.28,10.4,10.35,0.05,0.4831,1384385.7,1440864.391
000001.SZ,20240703,10.4,10.43,10.29,10.31,10.4,-0.09,-0.8654,713067.46,737326.421
000001.SZ,20240704,10.3,10.38,10.25,10.26,10.31,-0.05,-0.485,735044.24,757464.387
000001.SZ,20240705,10.26,10.29,9.92,9.97,10.26,-0.29,-2.8265,1713353.86,1721256.576
000001.SZ,20240708,9.94,10.02,9.85,9.93,9.97,-0.04,-0.4012,868659.62,864791.776
000001.SZ,20240709,9.94,10.1,9.91,10.07,9.93,0.14,1.4099,1032485.3,1034316.511
000001.SZ,20240710,10.07,10.2,10.05,10.14,10.07,0.07,0.6951,873865.11,886626.727
000001.SZ,20240711,10.21,10.23,10.07,10.13,10.14,-0.01,-0.0986,721392.25,731789.332
000001.SZ,20240712,10.12,10.31,10.12,10.31,10.13,0.18,1.7769,1214163.69,1246877.666
000001.SZ,20240715,10.31,10.35,10.26,10.33,10.31,0.02,0.194,869412.47,896975.833
000001.SZ,20240716,10.33,10.37,10.24,10.3,10.33,-0.03,-0.2904,943008.11,971564.895
000001.SZ,20240717,10.3,10.42,10.28,10.4,10.3,0.1,0.9709,1220168.35,1266412.58
000001.SZ,20240718,10.38,10.43,10.3,10.41,10.4,0.01,0.0962,1087061.02,1127365.071
000001.SZ,20240719,10.38,10.42,10.29,10.37,10.41,-0.04,-0.3842,898723.24,929722.662
000001.SZ,20240722,10.36,10.38,10.19,10.23,10.37,-0.14,-1.35,994480.87,1018663.806
000001.SZ,20240723,10.25,10.33,10.16,10.18,10.23,-0.05,-0.4888,1020153.63,1046994.471
000001.SZ,20240724,10.18,10.24,10.12,10.13,10.18,-0.05,-0.4912,724517.57,736332.832
000001.SZ,20240725,10.12,10.15,10.0,10.09,10.13,-0.04,-0.3949,856404.43,861750.366
000001.SZ,20240726,10.1,10.12,9.97,10.03,10.09,-0.06,-0.5946,929551.95,931879.546
000001.SZ,20240729,10.02,10.14,9.97,10.11,10.03,0.08,0.7976,781552.43,788019.059
000001.SZ,20240730,10.1,10.13,10.03,10.08,10.11,-0.03,-0.2967,613267.95,618056.61
000001.SZ,20240731,10.08,10.28,10.07,10.27,10.08,0.19,1.8849,1096906.34,1117768.675
000001.SZ,20240801,10.25,10.32,10.17,10.27,10.27,0.0,0.0,733883.77,752688.22
000001.SZ,20240802,10.22,10.25,10.13,10.14,10.27,-0.13,-1.2658,590228.76,601173.371
000001.SZ,20240805,10.11,10.22,10.05,10.05,10.14,-0.09,-0.8876,758978.52,768980.625
000001.SZ,20240806,10.07,10.12,9.89,9.93,10.05,-0.12,-1.194,1265536.91,1261997.757
000001.SZ,20240807,9.95,9.98,9.91,9.93,9.93,0.0,0.0,517608.42,514848.813
000001.SZ,20240808,9.92,9.98,9.9,9.94,9.93,0.01,0.1007,500410.67,497548.149
000001.SZ,20240809,9.96,10.1,9.94,10.04,9.94,0.1,1.006,730273.96,732886.456
000001.SZ,20240812,10.02,10.05,9.98,10.01,10.04,-0.03,-0.2988,353013.46,353251.351
000001.SZ,20240813,10.02,10.03,9.92,9.95,10.01,-0.06,-0.5994,622077.2,620061.492
000001.SZ,20240814,9.94,9.98,9.91,9.92,9.95,-0.03,-0.3015,436380.38,433380.447
000001.SZ,20240815,9.92,10.06,9.87,10.03,9.92,0.11,1.1089,776247.47,775851.461
000001.SZ,20240816,10.08,10.21,10.05,10.13,10.03,0.1,0.997,1260367.61,1277042.001
000001.SZ,20240819,10.13,10.3,10.12,10.29,10.13,0.16,1.5795,1482985.26,1520594.688
000001.SZ,20240820,10.32,10.43,10.28,10.34,10.29,0.05,0.4859,1569186.65,1623147.686
000001.SZ,20240821,10.3,10.38,10.21,10.35,10.34,0.01,0.0967,1034887.81,1068207.868
000001.SZ,20240822,10.34,10.45,10.32,10.38,10.35,0.03,0.2899,1109030.39,1153871.816
000001.SZ,20240823,10.39,10.5,10.32,10.47,10.38,0.09,0.8671,1071905.71,1117475.768
000001.SZ,20240826,10.5,10.55,10.42,10.49,10.47,0.02,0.191,740675.24,775921.849
000001.SZ,20240827,10.47,10.52,10.37,10.43,10.49,-0.06,-0.572,723136.58,755583.764
000001.SZ,20240828,10.41,10.43,10.28,10.33,10.43,-0.1,-0.9588,942547.54,973872.155
000001.SZ,20240829,10.31,10.38,10.11,10.13,10.33,-0.2,-1.9361,1197676.31,1221351.092
000001.SZ,20240830,10.11,10.26,10.11,10.16,10.13,0.03,0.2962,1294059.08,1318858.688
000001.SZ,20240902,10.12,10.21,10.09,10.11,10.16,-0.05,-0.4921,968835.5,983898.751
000001.SZ,20240903,10.11,10.13,10.0,10.08,10.11,-0.03,-0.2967,916581.22,920884.663
000001.SZ,20240904,10.05,10.15,10.0,10.02,10.08,-0.06,-0.5952,847992.33,852224.67
000001.SZ,20240905,10.03,10.08,9.98,10.07,10.02,0.05,0.499,594208.76,595845.843
000001.SZ,20240906,10.06,10.21,10.05,10.08,10.07,0.01,0.0993,878865.43,891507.834
000001.SZ,20240909,10.05,10.07,9.84,9.85,10.08,-0.23,-2.2817,1639174.51,1624857.668
000001.SZ,20240910,9.86,9.92,9.78,9.9,9.85,0.05,0.5076,767901.14,756124.764
000001.SZ,20240911,9.88,9.88,9.63,9.65,9.9,-0.25,-2.5253,1108727.04,1078602.468
000001.SZ,20240912,9.65,9.77,9.61,9.74,9.65,0.09,0.9326,581834.05,564923.216
000001.SZ,20240913,9.73,9.82,9.7,9.7,9.74,-0.04,-0.4107,566461.9,553269.704
000001.SZ,20240918,9.72,9.78,9.66,9.77,9.7,0.07,0.7216,443610.99,431665.627
000001.SZ,20240919,9.79,9.84,9.68,9.81,9.77,0.04,0.4094,684293.11,669341.182
000001.SZ,20240920,9.81,9.9,9.78,9.9,9.81,0.09,0.9174,797297.14,785121.199
000001.SZ,20240923,9.89,10.09,9.87,10.04,9.9,0.14,1.4141,896907.55,897428.03
000001.SZ,20240924,10.11,10.37,10.08,10.37,10.04,0.33,3.2869,1638213.19,1678174.482
000001.SZ,20240925,10.52,10.7,10.45,10.5,10.37,0.13,1.2536,2160693.98,2285995.369
000001.SZ,20240926,10.5,11.15,10.5,11.15,10.5,0.65,6.1905,3086457.2,3341759.456
000001.SZ,20240927,11.35,11.56,11.03,11.42,11.15,0.27,2.4215,3840016.37,4337985.143
000001.SZ,20240930,11.62,12.3,11.56,12.21,11.42,0.79,6.9177,5430283.64,6467438.838
000001.SZ,20241008,13.43,13.43,12.34,12.88,12.21,0.67,5.4873,5888977.78,7602664.024
000001.SZ,20241009,12.63,12.63,11.66,11.68,12.88,-1.2,-9.3168,4269345.06,5172049.702
000001.SZ,20241010,11.62,12.26,11.6,11.98,11.43,0.55,4.8119,3426421.68,4095573.501
000001.SZ,20241011,12.0,12.17,11.58,11.72,11.98,-0.26,-2.1703,2070890.57,2455848.197
000001.SZ,20241014,11.98,12.18,11.79,12.02,11.72,0.3,2.5597,2400595.09,2881934.272
000001.SZ,20241015,11.94,12.23,11.88,11.9,12.02,-0.12,-0.9983,2072840.77,2500974.427
000001.SZ,20241016,11.8,12.18,11.77,12.06,11.9,0.16,1.3445,1914493.53,2301340.929
000001.SZ,20241017,12.07,12.23,11.93,11.95,12.06,-0.11,-0.9121,1653708.09,1993261.646
000001.SZ,20241018,11.91,12.18,11.68,12.04,11.95,0.09,0.7531,2604654.16,3105820.973
000001.SZ,20241021,11.94,11.94,11.63,11.81,12.04,-0.23,-1.9103,2806654.67,3302020.181
000001.SZ,20241022,11.76,11.93,11.72,11.79,11.81,-0.02,-0.1693,1617787.13,1908438.725
000001.SZ,20241023,11.82,11.89,11.75,11.86,11.79,0.07,0.5937,1511866.04,1787236.762
000001.SZ,20241024,11.81,11.86,11.72,11.75,11.86,-0.11,-0.9275,885299.42,1042818.619
000001.SZ,20241025,11.77,11.78,11.69,11.71,11.75,-0.04,-0.3404,1105754.68,1296844.369
000001.SZ,20241028,11.68,11.68,11.53,11.64,11.71,-0.07,-0.5978,1169486.98,1356008.963
000001.SZ,20241029,11.62,11.74,11.53,11.54,11.64,-0.1,-0.8591,1198024.82,1391150.259
000001.SZ,20241030,11.5,11.58,11.27,11.32,11.54,-0.22,-1.9064,1482402.79,1686501.658
000001.SZ,20241031,11.33,11.44,11.24,11.38,11.32,0.06,0.53,1250205.39,1419624.319
000001.SZ,20241101,11.38,11.55,11.34,11.43,11.38,0.05,0.4394,1589811.11,1821423.447
000001.SZ,20241104,11.43,11.46,11.26,11.46,11.43,0.03,0.2625,1131516.11,1285874.126
000001.SZ,20241105,11.42,11.66,11.39,11.65,11.46,0.19,1.6579,1665418.4,1925260.7
000001.SZ,20241106,11.62,11.64,11.47,11.55,11.65,-0.1,-0.8584,1462286.36,1689977.501
000001.SZ,20241107,11.5,11.93,11.48,11.91,11.55,0.36,3.1169,2242843.79,2627007.561
000001.SZ,20241108,11.94,12.01,11.7,11.72,11.91,-0.19,-1.5953,1895104.15,2239060.534
000001.SZ,20241111,11.63,11.68,11.47,11.6,11.72,-0.12,-1.0239,1486951.64,1717961.562
000001.SZ,20241112,11.58,11.84,11.51,11.54,11.6,-0.06,-0.5172,1717662.55,2005791.408
000001.SZ,20241113,11.5,11.7,11.48,11.61,11.54,0.07,0.6066,1086263.28,1260161.857
000001.SZ,20241114,11.59,11.7,11.53,11.54,11.61,-0.07,-0.6029,1159783.11,1348378.229
000001.SZ,20241115,11.5,11.61,11.42,11.44,11.54,-0.1,-0.8666,1215783.51,1399308.729
000001.SZ,20241118,11.63,12.04,11.62,11.75,11.44,0.31,2.7098,3797324.45,4493249.093
000001.SZ,20241119,11.75,11.96,11.55,11.68,11.75,-0.07,-0.5957,2430036.65,2849661.696
000001.SZ,20241120,11.67,11.75,11.61,11.64,11.68,-0.04,-0.3425,1286572.48,1498818.034
000001.SZ,20241121,11.62,11.65,11.56,11.59,11.64,-0.05,-0.4296,883408.06,1023998.432
000001.SZ,20241122,11.59,11.61,11.28,11.28,11.59,-0.31,-2.6747,1625317.44,1858071.592
000001.SZ,20241125,11.28,11.34,11.14,11.18,11.28,-0.1,-0.8865,1166020.32,1310130.629
000001.SZ,20241126,11.18,11.31,11.14,11.27,11.18,0.09,0.805,831078.2,933733.855
000001.SZ,20241127,11.24,11.39,11.15,11.39,11.27,0.12,1.0648,895178.05,1010001.964
000001.SZ,20241128,11.39,11.42,11.32,11.34,11.39,-0.05,-0.439,733168.54,833121.339
000001.SZ,20241129,11.37,11.46,11.34,11.38,11.34,0.04,0.3527,1028487.58,1173316.154
000001.SZ,20241202,11.39,11.4,11.31,11.39,11.38,0.01,0.0879,975433.66,1108785.597
000001.SZ,20241203,11.37,11.5,11.35,11.49,11.39,0.1,0.878,1082559.36,1236992.678
000001.SZ,20241204,11.44,11.53,11.37,11.46,11.49,-0.03,-0.2611,1007470.59,1154623.37
000001.SZ,20241205,11.44,11.5,11.41,11.44,11.46,-0.02,-0.1745,687108.83,786137.964
000001.SZ,20241206,11.44,11.7,11.43,11.66,11.44,0.22,1.9231,1726269.27,2004270.466
000001.SZ,20241209,11.63,11.72,11.59,11.67,11.66,0.01,0.0858,964063.16,1123441.855
000001.SZ,20241210,11.9,11.95,11.75,11.79,11.67,0.12,1.0283,2167807.24,2564600.677
000001.SZ,20241211,11.79,11.83,11.72,11.73,11.79,-0.06,-0.5089,967691.45,1138374.175
000001.SZ,20241212,11.73,11.87,11.71,11.85,11.73,0.12,1.023,986234.59,1164062.448
000001.SZ,20241213,11.79,11.8,11.56,11.56,11.85,-0.29,-2.4473,1343792.89,1565589.089
000001.SZ,20241216,11.56,11.66,11.53,11.57,11.56,0.01,0.0865,805717.78,934226.189
000001.SZ,20241217,11.57,11.65,11.52,11.53,11.57,-0.04,-0.3457,802119.95,929225.455
000001.SZ,20241218,11.58,11.74,11.57,11.65,11.53,0.12,1.0408,1016589.66,1186285.805
000001.SZ,20241219,11.59,11.64,11.54,11.59,11.65,-0.06,-0.515,697379.04,808465.664
000001.SZ,20241220,11.59,11.7,11.58,11.62,11.59,0.03,0.2588,714646.27,831437.46
000001.SZ,20241223,11.64,11.84,11.64,11.73,11.62,0.11,0.9466,1659404.76,1953519.499
000001.SZ,20241224,11.72,11.87,11.72,11.86,11.73,0.13,1.1083,1350836.91,1595698.79
000001.SZ,20241225,11.86,12.02,11.84,11.92,11.86,0.06,0.5059,1475282.94,1759956.63
000001.SZ,20241226,11.92,11.93,11.78,11.86,11.92,-0.06,-0.5034,1000074.7,1183745.519
000001.SZ,20241227,11.87,11.9,11.66,11.83,11.86,-0.03,-0.253,1290012.28,1518383.345
000001.SZ,20241230,11.78,11.97,11.78,11.95,11.83,0.12,1.0144,1351846.36,1610892.096
000001.SZ,20241231,11.93,11.99,11.7,11.7,11.95,-0.25,-2.0921,1475367.33,1747242.074
000001.SZ,20250102,11.73,11.77,11.39,11.43,11.7,-0.27,-2.3077,1819596.99,2102923.078
000001.SZ,20250103,11.44,11.54,11.36,11.38,11.43,-0.05,-0.4374,1154680.44,1320520.978
000001.SZ,20250106,11.38,11.48,11.22,11.44,11.38,0.06,0.5272,1085536.3,1234305.778
000001.SZ,20250107,11.42,11.53,11.37,11.51,11.44,0.07,0.6119,747862.88,858329.049
000001.SZ,20250108,11.5,11.63,11.4,11.5,11.51,-0.01,-0.0869,1062386.01,1223598.997
000001.SZ,20250109,11.5,11.5,11.35,11.4,11.5,-0.1,-0.8696,751483.3,857836.086
000001.SZ,20250110,11.4,11.46,11.28,11.3,11.4,-0.1,-0.8772,798133.51,905005.041
000001.SZ,20250113,11.25,11.26,11.08,11.2,11.3,-0.1,-0.885,934966.18,1044904.416
000001.SZ,20250114,11.2,11.4,11.19,11.38,11.2,0.18,1.6071,824628.95,934467.766
000001.SZ,20250115,11.38,11.58,11.36,11.48,11.38,0.1,0.8787,1031630.82,1185403.653
000001.SZ,20250116,11.55,11.59,11.47,11.57,11.48,0.09,0.784,872963.99,1007689.274
000001.SZ,20250117,11.53,11.55,11.42,11.45,11.57,-0.12,-1.0372,689764.86,791230.419
000001.SZ,20250120,11.5,11.52,11.4,11.42,11.45,-0.03,-0.262,832029.13,953092.179
000001.SZ,20250121,11.45,11.45,11.32,11.33,11.42,-0.09,-0.7881,902068.94,1024879.174
000001.SZ,20250122,11.32,11.33,11.08,11.09,11.33,-0.24,-2.1183,1347129.22,1504818.607
000001.SZ,20250123,11.17,11.4,11.17,11.32,11.09,0.23,2.0739,1514920.27,1715172.472
000001.SZ,20250124,11.32,11.39,11.22,11.34,11.32,0.02,0.1767,944944.21,1069899.088
000001.SZ,20250127,11.38,11.55,11.38,11.47,11.34,0.13,1.1464,1151934.71,1324270.607
000001.SZ,20250205,11.5,11.52,11.33,11.37,11.47,-0.1,-0.8718,843433.7,961193.579
000001.SZ,20250206,11.35,11.45,11.3,11.36,11.37,-0.01,-0.088,955603.25,1084793.176
000001.SZ,20250207,11.36,11.45,11.31,11.38,11.36,0.02,0.1761,1407492.62,1601621.98
000001.SZ,20250210,11.38,11.5,11.36,11.43,11.38,0.05,0.4394,1026590.93,1174044.624
000001.SZ,20250211,11.4,11.47,11.37,11.42,11.43,-0.01,-0.0875,844520.03,963865.615
000001.SZ,20250212,11.41,11.43,11.34,11.42,11.42,0.0,0.0,988806.83,1125323.633
000001.SZ,20250213,11.42,11.55,11.4,11.5,11.42,0.08,0.7005,1358639.27,1560709.511
000001.SZ,20250214,11.49,11.55,11.43,11.55,11.5,0.05,0.4348,973057.74,1118355.997
000001.SZ,20250217,11.6,11.8,11.55,11.78,11.55,0.23,1.9913,2061965.42,2413146.067
000001.SZ,20250218,11.76,11.96,11.76,11.81,11.78,0.03,0.2547,1996610.49,2371071.467
000001.SZ,20250219,11.8,11.81,11.68,11.71,11.81,-0.1,-0.8467,1177748.95,1382467.174
000001.SZ,20250220,11.71,11.76,11.65,11.66,11.71,-0.05,-0.427,784396.27,917231.443
000001.SZ,20250221,11.69,11.71,11.55,11.64,11.66,-0.02,-0.1715,973968.97,1131033.824
000001.SZ,20250224,11.63,11.69,11.56,11.59,11.64,-0.05,-0.4296,949956.17,1103548.964
000001.SZ,20250225,11.56,11.58,11.46,11.47,11.59,-0.12,-1.0354,917156.02,1055685.157
000001.SZ,20250226,11.47,11.6,11.47,11.52,11.47,0.05,0.4359,841645.52,970641.211
000001.SZ,20250227,11.53,11.63,11.46,11.62,11.52,0.1,0.8681,977309.75,1130386.662
000001.SZ,20250228,11.58,11.68,11.5,11.53,11.62,-0.09,-0.7745,949088.06,1100335.054
000001.SZ,20250303,11.52,11.56,11.45,11.51,11.53,-0.02,-0.1735,830456.95,955266.366
000001.SZ,20250304,11.47,11.55,11.44,11.51,11.51,0.0,0.0,683178.73,785447.989
000001.SZ,20250305,11.52,11.67,11.48,11.66,11.51,0.15,1.3032,1080645.44,1254892.074
000001.SZ,20250306,11.69,11.7,11.6,11.63,11.66,-0.03,-0.2573,877407.71,1021780.609
000001.SZ,20250307,11.63,11.69,11.6,11.67,11.63,0.04,0.3439,835536.69,973236.69
000001.SZ,20250310,11.66,11.67,11.55,11.59,11.67,-0.08,-0.6855,663833.93,769261.385
000001.SZ,20250311,11.54,11.61,11.52,11.61,11.59,0.02,0.1726,608975.27,704240.464
000001.SZ,20250312,11.6,11.87,11.56,11.85,11.61,0.24,2.0672,1877318.4,2210904.482
000001.SZ,20250313,11.81,11.91,11.78,11.84,11.85,-0.01,-0.0844,1312371.21,1555123.174
000001.SZ,20250314,11.82,12.0,11.82,11.97,11.84,0.13,1.098,1722417.65,2057970.454
000001.SZ,20250317,11.63,11.67,11.46,11.5,11.97,-0.47,-3.9265,4603612.1,5315522.817
000001.SZ,20250318,11.52,11.54,11.48,11.49,11.5,-0.01,-0.087,1605290.0,1846500.421
000001.SZ,20250319,11.48,11.53,11.46,11.52,11.49,0.03,0.2611,1362454.91,1566452.161
000001.SZ,20250320,11.51,11.61,11.49,11.49,11.52,-0.03,-0.2604,1101157.24,1268849.14
000001.SZ,20250321,11.49,11.52,11.39,11.42,11.49,-0.07,-0.6092,1376388.97,1576151.833
000001.SZ,20250324,11.41,11.44,11.34,11.38,11.42,-0.04,-0.3503,1164577.34,1325564.002
000001.SZ,20250325,11.38,11.43,11.36,11.43,11.38,0.05,0.4394,735608.88,839142.044
000001.SZ,20250326,11.42,11.43,11.37,11.38,11.43,-0.05,-0.4374,740863.07,843536.936
000001.SZ,20250327,11.37,11.41,11.35,11.39,11.38,0.01,0.0879,553349.4,629863.383
000001.SZ,20250328,11.39,11.4,11.34,11.35,11.39,-0.04,-0.3512,644945.55,732420.874
000001.SZ,20250331,11.36,11.38,11.26,11.26,11.35,-0.09,-0.793,1116125.64,1262598.263
000001.SZ,20250401,11.27,11.3,11.22,11.27,11.26,0.01,0.0888,681470.42,767424.131
000001.SZ,20250402,11.25,11.41,11.25,11.37,11.27,0.1,0.8873,932641.76,1058747.241
000001.SZ,20250403,11.31,11.39,11.3,11.34,11.37,-0.03,-0.2639,643913.91,730375.808
000001.SZ,20250407,11.0,11.05,10.48,10.7,11.34,-0.64,-5.6437,2545560.48,2751055.412
000001.SZ,20250408,10.68,10.85,10.66,10.82,10.7,0.12,1.1215,1463987.71,1576590.04
000001.SZ,20250409,10.73,10.83,10.66,10.8,10.82,-0.02,-0.1848,1064394.05,1145238.958
000001.SZ,20250410,10.86,10.93,10.82,10.9,10.8,0.1,0.9259,866548.05,943352.302
000001.SZ,20250411,10.87,10.9,10.83,10.89,10.9,-0.01,-0.0917,583879.02,634311.78
000001.SZ,20250414,10.95,11.04,10.92,10.93,10.89,0.04,0.3673,785993.45,862557.144
000001.SZ,20250415,10.92,10.97,10.9,10.95,10.93,0.02,0.183,722754.1,790139.077
000001.SZ,20250416,10.93,11.01,10.91,11.0,10.95,0.05,0.4566,842822.17,923316.063
000001.SZ,20250417,10.95,11.08,10.93,11.06,11.0,0.06,0.5455,823919.31,907597.513
000001.SZ,20250418,11.04,11.19,11.03,11.18,11.06,0.12,1.085,727098.15,810031.605
000001.SZ,20250421,11.0,11.13,10.97,11.02,11.18,-0.16,-1.4311,1114184.18,1230804.536
000001.SZ,20250422,11.02,11.06,10.98,11.04,11.02,0.02,0.1815,831128.87,915967.678
000001.SZ,20250423,11.04,11.05,10.97,11.01,11.04,-0.03,-0.2717,586382.93,645842.4
000001.SZ,20250424,11.0,11.06,10.99,11.03,11.01,0.02,0.1817,689256.13,760348.555
000001.SZ,20250425,11.04,11.05,10.99,11.01,11.03,-0.02,-0.1813,637546.86,702315.255
000001.SZ,20250428,11.0,11.04,10.96,11.0,11.01,-0.01,-0.0908,642018.37,706520.176
000001.SZ,20250429,11.0,11.02,10.95,10.98,11.0,-0.02,-0.1818,649044.94,712792.543
000001.SZ,20250430,10.96,10.97,10.89,10.91,10.98,-0.07,-0.6375,869834.92,949911.03
000001.SZ,20250506,10.92,11.0,10.89,10.96,10.91,0.05,0.4583,854671.27,935212.114
000001.SZ,20250507,11.01,11.04,10.97,11.03,10.96,0.07,0.6387,1126270.01,1240098.147
000001.SZ,20250508,11.0,11.08,10.99,11.08,11.03,0.05,0.4533,1056613.66,1167913.498
000001.SZ,20250509,11.07,11.17,11.06,11.15,11.08,0.07,0.6318,999897.47,1113688.153
000001.SZ,20250512,11.16,11.22,11.13,11.16,11.15,0.01,0.0897,895604.6,1000478.411
000001.SZ,20250513,11.19,11.33,11.15,11.29,11.16,0.13,1.1649,1261030.62,1420501.315
000001.SZ,20250514,11.29,11.47,11.25,11.43,11.29,0.14,1.24,1683513.58,1912995.433
000001.SZ,20250515,11.43,11.5,11.38,11.39,11.43,-0.04,-0.35,1035460.26,1183732.832
000001.SZ,20250516,11.37,11.43,11.31,11.38,11.39,-0.01,-0.0878,914744.45,1039223.623
000001.SZ,20250519,11.4,11.47,11.36,11.37,11.38,-0.01,-0.0879,831390.6,949883.545
000001.SZ,20250520,11.4,11.47,11.37,11.39,11.37,0.02,0.1759,643634.8,734455.266
000001.SZ,20250521,11.4,11.59,11.39,11.48,11.39,0.09,0.7902,1328278.1,1528350.368
000001.SZ,20250522,11.45,11.56,11.44,11.55,11.48,0.07,0.6098,1002968.06,1155265.064
000001.SZ,20250523,11.55,11.6,11.43,11.46,11.55,-0.09,-0.7792,962643.11,1108636.101
000001.SZ,20250526,11.44,11.5,11.4,11.42,11.46,-0.04,-0.349,699158.58,800495.685
000001.SZ,20250527,11.45,11.54,11.42,11.49,11.42,0.07,0.613,801915.14,921912.281
000001.SZ,20250528,11.5,11.55,11.44,11.53,11.49,0.04,0.3481,658179.47,757571.319
000001.SZ,20250529,11.52,11.55,11.45,11.46,11.53,-0.07,-0.6071,919806.76,1056726.384
000001.SZ,20250530,11.47,11.58,11.44,11.56,11.46,0.1,0.8726,1130849.31,1303433.716
000001.SZ,20250603,11.54,11.91,11.53,11.81,11.56,0.25,2.1626,2192479.66,2580962.601
000001.SZ,20250604,11.82,11.88,11.78,11.84,11.81,0.03,0.254,1167959.5,1383019.682
000001.SZ,20250605,11.88,11.91,11.66,11.67,11.84,-0.17,-1.4358,1166803.49,1369212.336
000001.SZ,20250606,11.7,11.79,11.68,11.7,11.67,0.03,0.2571,682352.51,799900.024
000001.SZ,20250609,11.73,11.75,11.65,11.71,11.7,0.01,0.0855,773254.68,905092.605
000001.SZ,20250610,11.72,11.89,11.71,11.81,11.71,0.1,0.854,1428131.8,1689018.78
000001.SZ,20250611,11.82,11.93,11.79,11.85,11.81,0.04,0.3387,1094666.64,1298656.315
000001.SZ,20250612,11.56,11.7,11.52,11.68,11.49,0.19,1.6536,1290220.47,1500287.176
000001.SZ,20250613,11.68,11.74,11.56,11.58,11.68,-0.1,-0.8562,1095494.19,1272773.101
000001.SZ,20250616,11.57,11.79,11.53,11.79,11.58,0.21,1.8135,1174438.27,1371041.708
000001.SZ,20250617,11.79,11.88,11.71,11.76,11.79,-0.03,-0.2545,890027.34,1048960.749
000001.SZ,20250618,11.78,11.81,11.66,11.77,11.76,0.01,0.085,683521.11,802908.098
000001.SZ,20250619,11.76,11.78,11.65,11.7,11.77,-0.07,-0.5947,832247.16,974127.331
000001.SZ,20250620,11.7,11.86,11.67,11.84,11.7,0.14,1.1966,1309197.82,1544541.881
000001.SZ,20250623,11.81,11.97,11.67,11.93,11.84,0.09,0.7601,1389170.48,1646476.917
000001.SZ,20250624,11.9,12.01,11.84,11.93,11.93,0.0,0.0,1308525.31,1560621.893
000001.SZ,20250625,11.93,12.08,11.83,12.06,11.93,0.13,1.0897,1675116.47,2007989.727
000001.SZ,20250626,12.05,12.48,12.01,12.41,12.06,0.35,2.9022,2174577.66,2672207.529
000001.SZ,20250627,12.37,12.58,12.13,12.2,12.41,-0.21,-1.6922,2377600.15,2937865.058
000001.SZ,20250630,12.14,12.17,11.96,12.07,12.2,-0.13,-1.0656,1504819.65,1812492.377
000001.SZ,20250701,12.06,12.33,12.06,12.3,12.07,0.23,1.9056,1354341.08,1653806.75
000001.SZ,20250702,12.31,12.41,12.23,12.32,12.3,0.02,0.1626,1200411.84,1481842.213
000001.SZ,20250703,12.33,12.42,12.28,12.35,12.32,0.03,0.2435,794085.97,980546.007
000001.SZ,20250704,12.35,12.72,12.3,12.6,12.35,0.25,2.0243,1775332.67,2224874.056
000001.SZ,20250707,12.6,12.82,12.6,12.78,12.6,0.18,1.4286,1495406.53,1901755.851
000001.SZ,20250708,12.75,12.84,12.65,12.69,12.78,-0.09,-0.7042,1090985.97,1387093.602
000001.SZ,20250709,12.66,12.9,12.66,12.84,12.69,0.15,1.182,1205963.3,1542699.035
000001.SZ,20250710,12.82,13.33,12.79,13.18,12.84,0.34,2.648,2481415.53,3249454.029
000001.SZ,20250711,13.19,13.3,12.89,12.91,13.18,-0.27,-2.0486,2443743.5,3200219.566
000001.SZ,20250714,12.87,13.17,12.86,12.98,12.91,0.07,0.5422,1872895.85,2440924.105
000001.SZ,20250715,12.99,13.04,12.71,12.73,12.98,-0.25,-1.926,1810531.31,2322277.285
000001.SZ,20250716,12.73,12.76,12.5,12.64,12.73,-0.09,-0.707,1927863.79,2424983.973
000001.SZ,20250717,12.61,12.7,12.54,12.59,12.64,-0.05,-0.3956,944641.4,1189666.227
000001.SZ,20250718,12.62,12.75,12.6,12.7,12.59,0.11,0.8737,1241206.11,1574176.824
000001.SZ,20250721,12.64,12.71,12.55,12.61,12.7,-0.09,-0.7087,1079026.62,1360155.719
000001.SZ,20250722,12.6,12.6,12.32,12.49,12.61,-0.12,-0.9516,1935229.16,2408337.286
000001.SZ,20250723,12.46,12.63,12.45,12.53,12.49,0.04,0.3203,1370520.0,1719158.803
000001.SZ,20250724,12.53,12.53,12.33,12.35,12.53,-0.18,-1.4366,1959350.57,2426175.236
000001.SZ,20250725,12.33,12.46,12.32,12.35,12.35,0.0,0.0,1108266.66,1372103.731
000001.SZ,20250728,12.35,12.53,12.32,12.46,12.35,0.11,0.8907,1238242.78,1541317.047
000001.SZ,20250729,12.46,12.51,12.34,12.34,12.46,-0.12,-0.9631,1012818.01,1255113.972
000001.SZ,20250730,12.35,12.64,12.34,12.49,12.34,0.15,1.2156,1715163.6,2149934.405
000001.SZ,20250731,12.51,12.55,12.22,12.23,12.49,-0.26,-2.0817,1690081.25,2079630.602
000001.SZ,20250801,12.24,12.33,12.15,12.28,12.23,0.05,0.4088,1012186.98,1240239.18
000001.SZ,20250804,12.24,12.38,12.21,12.3,12.28,0.02,0.1629,1032689.69,1271376.407
000001.SZ,20250805,12.3,12.5,12.28,12.47,12.3,0.17,1.3821,1132078.2,1405152.349
000001.SZ,20250806,12.47,12.52,12.4,12.46,12.47,-0.01,-0.0802,690447.65,859684.675
000001.SZ,20250807,12.44,12.53,12.39,12.47,12.46,0.01,0.0803,722053.05,900760.013
000001.SZ,20250808,12.48,12.53,12.39,12.4,12.47,-0.07,-0.5613,829795.91,1032586.759
000001.SZ,20250811,12.4,12.42,12.27,12.3,12.4,-0.1,-0.8065,934353.15,1150305.113
000001.SZ,20250812,12.3,12.4,12.3,12.33,12.3,0.03,0.2439,680056.19,839635.63
000001.SZ,20250813,12.37,12.4,12.23,12.26,12.33,-0.07,-0.5677,1119813.05,1376777.909
000001.SZ,20250814,12.27,12.34,12.19,12.2,12.26,-0.06,-0.4894,1241041.29,1523447.932
000001.SZ,20250815,12.23,12.23,11.94,12.08,12.2,-0.12,-0.9836,1948502.95,2344073.499
000001.SZ,20250818,12.06,12.15,12.03,12.08,12.08,0.0,0.0,1239058.37,1496527.039
000001.SZ,20250819,12.1,12.12,12.02,12.06,12.08,-0.02,-0.1656,892859.89,1077380.173
000001.SZ,20250820,12.06,12.12,11.98,12.07,12.06,0.01,0.0829,1048738.53,1265435.773
000001.SZ,20250821,12.05,12.19,12.03,12.15,12.07,0.08,0.6628,1217418.25,1477053.292
000001.SZ,20250822,12.15,12.17,11.98,12.06,12.15,-0.09,-0.7407,1644259.77,1979461.311
000001.SZ,20250825,12.12,12.53,12.1,12.45,12.06,0.39,3.2338,3045087.53,3761289.076
000001.SZ,20250826,12.45,12.5,12.3,12.36,12.45,-0.09,-0.7229,1383598.61,1709560.923
000001.SZ,20250827,12.32,12.36,12.05,12.06,12.36,-0.3,-2.4272,1860049.5,2268070.721
000001.SZ,20250828,12.09,12.14,11.97,12.08,12.06,0.02,0.1658,1653587.93,1991723.374
000001.SZ,20250829,12.05,12.22,12.03,12.05,12.08,-0.03,-0.2483,1805125.68,2186232.853
000001.SZ,20250901,12.05,12.05,11.85,11.89,12.05,-0.16,-1.3278,1858459.02,2214306.332
000001.SZ,20250902,11.85,11.99,11.84,11.98,11.89,0.09,0.7569,1492715.66,1780010.209
000001.SZ,20250903,11.98,12.01,11.74,11.75,11.98,-0.23,-1.9199,1367232.49,1619322.977
000001.SZ,20250904,11.76,11.77,11.6,11.74,11.75,-0.01,-0.0851,1295300.02,1513956.779
000001.SZ,20250905,11.73,11.74,11.63,11.72,11.74,-0.02,-0.1704,819661.56,957547.463
000001.SZ,20250908,11.71,11.78,11.67,11.7,11.72,-0.02,-0.1706,924431.04,1083054.608
000001.SZ,20250909,11.71,11.78,11.68,11.75,11.7,0.05,0.4274,860539.17,1009279.729
000001.SZ,20250910,11.74,11.79,11.71,11.77,11.75,0.02,0.1702,792668.39,932170.201
000001.SZ,20250911,11.77,11.85,11.71,11.85,11.77,0.08,0.6797,963931.63,1134234.367
000001.SZ,20250912,11.83,11.88,11.7,11.72,11.85,-0.13,-1.097,940385.1,1107449.057
000001.SZ,20250915,11.7,11.72,11.63,11.65,11.72,-0.07,-0.5973,840386.56,980347.617
000001.SZ,20250916,11.66,11.71,11.61,11.64,11.65,-0.01,-0.0858,708048.49,825169.464
000001.SZ,20250917,11.64,11.67,11.58,11.64,11.64,0.0,0.0,771128.93,896750.27
000001.SZ,20250918,11.65,11.66,11.38,11.41,11.64,-0.23,-1.9759,1386160.4,1594827.2
000001.SZ,20250919,11.41,11.51,11.37,11.45,11.41,0.04,0.3506,834651.23,955004.097
000001.SZ,20250922,11.44,11.47,11.37,11.38,11.45,-0.07,-0.6114,596402.32,680158.439
000001.SZ,20250923,11.37,11.58,11.32,11.52,11.38,0.14,1.2302,1341430.22,1543271.185
000001.SZ,20250924,11.51,11.62,11.43,11.46,11.52,-0.06,-0.5208,1139583.47,1310214.181
000001.SZ,20250925,11.43,11.47,11.36,11.4,11.46,-0.06,-0.5236,773275.94,881943.148
000001.SZ,20250926,11.39,11.44,11.32,11.4,11.4,0.0,0.0,753238.75,856917.688
000001.SZ,20250929,11.4,11.48,11.27,11.37,11.4,-0.03,-0.2632,1176012.43,1334456.974
000001.SZ,20250930,11.37,11.37,11.29,11.34,11.37,-0.03,-0.2639,832479.47,942224.081
000001.SZ,20251009,11.33,11.41,11.27,11.4,11.34,0.06,0.5291,1047469.06,1187061.683
000001.SZ,20251010,11.37,11.49,11.36,11.43,11.4,0.03,0.2632,1087947.75,1244213.513
000001.SZ,20251013,11.32,11.46,11.28,11.4,11.43,-0.03,-0.2625,1168801.73,1328180.364
000001.SZ,20251014,11.39,11.6,11.36,11.57,11.4,0.17,1.4912,1843428.36,2124120.304
000001.SZ,20251015,11.34,11.42,11.26,11.4,11.33,0.07,0.6178,1271061.03,1443458.105
000001.SZ,20251016,11.38,11.55,11.36,11.54,11.4,0.14,1.2281,1261936.87,1447841.585
000001.SZ,20251017,11.5,11.58,11.38,11.4,11.54,-0.14,-1.2132,1039666.32,1193518.555
000001.SZ,20251020,11.41,11.45,11.27,11.42,11.4,0.02,0.1754,952641.1,1081829.7
000001.SZ,20251021,11.4,11.47,11.39,11.43,11.42,0.01,0.0876,761164.62,869658.08
000001.SZ,20251022,11.4,11.54,11.4,11.52,11.43,0.09,0.7874,833703.19,957661.636
000001.SZ,20251023,11.52,11.71,11.5,11.63,11.52,0.11,0.9549,1373111.58,1593155.218
000001.SZ,20251024,11.6,11.68,11.55,11.56,11.63,-0.07,-0.6019,980475.3,1138026.681
000001.SZ,20251027,11.54,11.61,11.44,11.52,11.56,-0.04,-0.346,1239485.26,1428199.707
000001.SZ,20251028,11.53,11.58,11.42,11.47,11.52,-0.05,-0.434,821568.18,943626.835
000001.SZ,20251029,11.46,11.46,11.36,11.39,11.47,-0.08,-0.6975,966213.64,1100783.363
000001.SZ,20251030,11.38,11.47,11.36,11.38,11.39,-0.01,-0.0878,943770.15,1077182.643
000001.SZ,20251031,11.38,11.4,11.3,11.32,11.38,-0.06,-0.5272,970192.93,1099179.193
000001.SZ,20251103,11.34,11.44,11.3,11.43,11.32,0.11,0.9717,952326.43,1084422.504
000001.SZ,20251104,11.42,11.64,11.4,11.59,11.43,0.16,1.3998,1503007.48,1737289.514
000001.SZ,20251105,11.59,11.6,11.5,11.52,11.59,-0.07,-0.604,794926.05,918112.474
000001.SZ,20251106,11.5,11.58,11.47,11.51,11.52,-0.01,-0.0868,766585.46,882799.462
000001.SZ,20251107,11.52,11.58,11.5,11.55,11.51,0.04,0.3475,734850.55,848177.984
000001.SZ,20251110,11.52,11.64,11.45,11.63,11.55,0.08,0.6926,827208.33,957555.601
000001.SZ,20251111,11.62,11.69,11.57,11.67,11.63,0.04,0.3439,886508.87,1033284.776
000001.SZ,20251112,11.7,11.79,11.65,11.68,11.67,0.01,0.0857,1141325.38,1337963.805
000001.SZ,20251113,11.68,11.72,11.57,11.7,11.68,0.02,0.1712,978991.03,1139765.204
000001.SZ,20251114,11.67,11.84,11.66,11.75,11.7,0.05,0.4274,1316994.98,1551867.288
000001.SZ,20251117,11.75,11.75,11.62,11.67,11.75,-0.08,-0.6809,995232.87,1161416.222
000001.SZ,20251118,11.65,11.69,11.57,11.59,11.67,-0.08,-0.6855,670077.35,778887.578
000001.SZ,20251119,11.58,11.83,11.57,11.8,11.59,0.21,1.8119,1334996.19,1565428.547
000001.SZ,20251120,11.79,11.99,11.74,11.85,11.8,0.05,0.4237,1637039.85,1948415.94
000001.SZ,20251121,11.8,11.88,11.66,11.69,11.85,-0.16,-1.3502,1465358.88,1721871.193
000001.SZ,20251124,11.7,11.73,11.6,11.6,11.69,-0.09,-0.7699,1117118.8,1302444.63
000001.SZ,20251125,11.61,11.8,11.58,11.8,11.6,0.2,1.7241,1028080.52,1203879.797
000001.SZ,20251126,11.81,11.85,11.65,11.69,11.8,-0.11,-0.9322,821301.09,962935.43
000001.SZ,20251127,11.66,11.71,11.58,11.71,11.69,0.02,0.1711,1011847.1,1178308.953
000001.SZ,20251128,11.67,11.68,11.58,11.61,11.71,-0.1,-0.854,884358.45,1027933.464
000001.SZ,20251201,11.6,11.7,11.53,11.69,11.61,0.08,0.6891,1037322.71,1205480.323
000001.SZ,20251202,11.68,11.73,11.59,11.64,11.69,-0.05,-0.4277,768059.93,894720.592
000001.SZ,20251203,11.64,11.7,11.54,11.55,11.64,-0.09,-0.7732,944601.09,1099167.227
000001.SZ,20251204,11.55,11.58,11.46,11.49,11.55,-0.06,-0.5195,886089.88,1019178.99
000001.SZ,20251205,11.49,11.54,11.4,11.53,11.49,0.04,0.3481,890766.09,1022334.912
000001.SZ,20251208,11.49,11.6,11.48,11.52,11.53,-0.01,-0.0867,855898.93,988510.035
000001.SZ,20251209,11.52,11.54,11.43,11.43,11.52,-0.09,-0.7813,733957.45,842732.358
000001.SZ,20251210,11.44,11.46,11.29,11.33,11.43,-0.1,-0.8749,1044064.72,1184087.688
000001.SZ,20251211,11.35,11.39,11.3,11.37,11.33,0.04,0.353,925261.29,1049906.216
000001.SZ,20251212,11.37,11.43,11.3,11.35,11.37,-0.02,-0.1759,1191894.72,1357465.371
000001.SZ,20251215,11.34,11.54,11.33,11.51,11.35,0.16,1.4097,940832.53,1080642.231
000001.SZ,20251216,11.49,11.55,11.44,11.48,11.51,-0.03,-0.2606,647351.36,743389.002
000001.SZ,20251217,11.47,11.58,11.42,11.53,11.48,0.05,0.4355,701495.33,807135.164
000001.SZ,20251218,11.51,11.65,11.48,11.64,11.53,0.11,0.954,790466.54,916247.611
000001.SZ,20251219,11.63,11.65,11.58,11.62,11.64,-0.02,-0.1718,649886.19,755106.127
000001.SZ,20251222,11.61,11.61,11.51,11.52,11.62,-0.1,-0.8606,742369.16,857197.057
000001.SZ,20251223,11.52,11.6,11.5,11.56,11.52,0.04,0.3472,666265.74,770081.94
000001.SZ,20251224,11.55,11.58,11.49,11.54,11.56,-0.02,-0.173,505243.56,582458.735
000001.SZ,20251225,11.54,11.62,11.52,11.56,11.54,0.02,0.1733,547455.23,633772.625
000001.SZ,20251226,11.56,11.59,11.53,11.54,11.56,-0.02,-0.173,436339.84,504079.28
000001.SZ,20251229,11.54,11.62,11.5,11.56,11.54,0.02,0.1733,648295.42,749082.978
000001.SZ,20251230,11.53,11.56,11.45,11.48,11.56,-0.08,-0.692,582584.33,669409.275
000001.SZ,20251231,11.48,11.49,11.4,11.41,11.48,-0.07,-0.6098,590620.37,675457.357
000001.SZ,20260105,11.42,11.51,11.41,11.5,11.41,0.09,0.7888,875491.18,1003479.224
000001.SZ,20260106,11.5,11.68,11.48,11.67,11.5,0.17,1.4783,1304648.42,1512911.584
000001.SZ,20260107,11.66,11.82,11.62,11.64,11.67,-0.03,-0.2571,966236.24,1131165.699
000001.SZ,20260108,11.64,11.65,11.49,11.51,11.64,-0.13,-1.1168,1100085.11,1268647.295
000001.SZ,20260109,11.53,11.53,11.44,11.46,11.51,-0.05,-0.4344,983390.04,1128076.547
000001.SZ,20260112,11.45,11.49,11.42,11.48,11.46,0.02,0.1745,855212.98,979700.148
000001.SZ,20260113,11.48,11.54,11.44,11.47,11.48,-0.01,-0.0871,1061541.22,1219755.569
000001.SZ,20260114,11.47,11.47,11.35,11.36,11.47,-0.11,-0.959,1274757.14,1454416.591
000001.SZ,20260115,11.33,11.37,11.3,11.31,11.36,-0.05,-0.4401,884959.77,1002514.947
000001.SZ,20260116,11.34,11.34,11.16,11.19,11.31,-0.12,-1.061,1119472.54,1257713.579
000001.SZ,20260119,11.15,11.21,11.11,11.12,11.19,-0.07,-0.6256,804741.31,896712.443
000001.SZ,20260120,11.12,11.2,11.11,11.16,11.12,0.04,0.3597,772276.09,861694.178
000001.SZ,20260121,11.15,11.18,11.06,11.07,11.16,-0.09,-0.8065,900124.91,1001045.288
000001.SZ,20260122,11.07,11.15,11.05,11.07,11.07,0.0,0.0,788634.62,873985.785
000001.SZ,20260123,11.07,11.09,10.98,10.99,11.07,-0.08,-0.7227,1109994.29,1224886.436
000001.SZ,20260126,10.98,11.06,10.92,10.96,10.99,-0.03,-0.273,1106246.65,1214803.431
000001.SZ,20260127,10.96,11.03,10.93,10.94,10.96,-0.02,-0.1825,894091.21,981119.838
000001.SZ,20260128,10.94,10.99,10.82,10.84,10.94,-0.1,-0.9141,1438766.03,1570012.85
000001.SZ,20260129,10.84,10.98,10.66,10.96,10.84,0.12,1.107,1852993.83,2001845.208
000001.SZ,20260130,10.94,11.03,10.83,10.83,10.96,-0.13,-1.1861,1091754.97,1191181.198
000001.SZ,20260202,10.82,11.03,10.8,10.86,10.83,0.03,0.277,1223173.02,1337643.445
000001.SZ,20260203,10.89,10.9,10.77,10.84,10.86,-0.02,-0.1842,806628.16,872562.155
000001.SZ,20260204,10.85,10.98,10.84,10.97,10.84,0.13,1.1993,695415.47,760107.689
000001.SZ,20260205,10.98,11.11,10.96,11.09,10.97,0.12,1.0939,1177591.09,1301134.142
000001.SZ,20260206,11.08,11.14,10.99,11.05,11.09,-0.04,-0.3607,727709.59,803862.241
000001.SZ,20260209,11.05,11.11,11.01,11.07,11.05,0.02,0.181,619716.7,685218.215
000001.SZ,20260210,11.07,11.1,11.02,11.06,11.07,-0.01,-0.0903,600429.99,664140.162
000001.SZ,20260211,11.06,11.09,11.02,11.07,11.06,0.01,0.0904,431040.98,476801.864
000001.SZ,20260212,11.07,11.08,10.93,10.96,11.07,-0.11,-0.9937,681340.24,748338.547
000001.SZ,20260213,10.96,10.99,10.9,10.91,10.96,-0.05,-0.4562,555047.36,607501.376
000001.SZ,20260224,10.93,10.95,10.88,10.91,10.91,0.0,0.0,602512.4,657487.7
000001.SZ,20260225,10.91,10.95,10.78,10.86,10.91,-0.05,-0.4583,1063134.87,1156693.737
000001.SZ,20260226,10.86,10.91,10.8,10.87,10.86,0.01,0.0921,712730.19,772947.727
000001.SZ,20260227,10.86,10.92,10.84,10.9,10.87,0.03,0.276,612227.96,666177.346
000001.SZ,20260302,10.85,10.89,10.77,10.85,10.9,-0.05,-0.4587,838873.55,908747.812
000001.SZ,20260303,10.85,10.95,10.8,10.88,10.85,0.03,0.2765,1028694.83,1119402.076
000001.SZ,20260304,10.84,10.84,10.67,10.71,10.88,-0.17,-1.5625,1089713.96,1167995.856
000001.SZ,20260305,10.72,10.84,10.7,10.81,10.71,0.1,0.9337,712641.18,768553.598
000001.SZ,20260306,10.78,10.84,10.77,10.82,10.81,0.01,0.0925,476576.8,514733.55
000001.SZ,20260309,10.79,10.82,10.74,10.76,10.82,-0.06,-0.5545,835892.38,900716.851
000001.SZ,20260310,10.77,10.81,10.73,10.81,10.76,0.05,0.4647,790111.68,850573.536
000001.SZ,20260311,10.79,10.9,10.77,10.89,10.81,0.08,0.7401,720534.64,781041.009
000001.SZ,20260312,10.87,10.96,10.85,10.94,10.89,0.05,0.4591,754905.58,824171.954
000001.SZ,20260313,10.93,11.0,10.87,10.93,10.94,-0.01,-0.0914,841939.15,920839.356
000001.SZ,20260316,10.93,10.97,10.88,10.92,10.93,-0.01,-0.0915,715603.01,782089.441
000001.SZ,20260317,10.91,11.07,10.9,11.03,10.92,0.11,1.0073,1076656.81,1187565.492
000001.SZ,20260318,11.04,11.04,10.91,10.96,11.03,-0.07,-0.6346,791079.4,867711.25
000001.SZ,20260319,10.92,10.97,10.86,10.88,10.96,-0.08,-0.7299,624211.95,681086.519
000001.SZ,20260320,10.87,10.94,10.76,10.77,10.88,-0.11,-1.011,834082.56,903819.004
000001.SZ,20260323,10.68,10.68,10.43,10.45,10.77,-0.32,-2.9712,1580088.33,1666328.348
000001.SZ,20260324,10.52,10.89,10.52,10.88,10.45,0.43,4.1148,1622251.27,1744746.708
000001.SZ,20260325,10.89,10.95,10.79,10.94,10.88,0.06,0.5515,744779.91,809739.89
000001.SZ,20260326,10.91,11.05,10.9,10.94,10.94,0.0,0.0,827664.09,909199.431
000001.SZ,20260327,10.91,11.05,10.83,11.02,10.94,0.08,0.7313,884128.62,972821.27
000001.SZ,20260330,10.98,11.05,10.94,10.99,11.02,-0.03,-0.2722,632522.1,696208.267
000001.SZ,20260331,11.0,11.18,10.99,11.08,10.99,0.09,0.8189,1164565.34,1294675.716
000001.SZ,20260401,11.09,11.23,11.08,11.15,11.08,0.07,0.6318,918925.39,1025538.833
000001.SZ,20260402,11.15,11.32,11.13,11.27,11.15,0.12,1.0762,1148895.22,1292756.712
000001.SZ,20260403,11.28,11.28,11.09,11.12,11.27,-0.15,-1.331,757757.33,845283.641
000001.SZ,20260407,11.12,11.14,10.97,11.03,11.12,-0.09,-0.8094,607955.21,671322.755
000001.SZ,20260408,11.11,11.22,11.05,11.22,11.03,0.19,1.7226,812975.89,906308.305
000001.SZ,20260409,11.17,11.22,11.06,11.1,11.22,-0.12,-1.0695,602364.93,669239.285
000001.SZ,20260410,11.1,11.13,11.07,11.09,11.1,-0.01,-0.0901,481046.93,534088.991
000001.SZ,20260413,11.05,11.09,11.03,11.07,11.09,-0.02,-0.1803,406104.13,449056.814
000001.SZ,20260414,11.07,11.17,11.07,11.17,11.07,0.1,0.9033,496151.09,551741.633
000001.SZ,20260415,11.16,11.22,11.15,11.21,11.17,0.04,0.3581,503937.93,564031.568
000001.SZ,20260416,11.2,11.23,11.07,11.09,11.21,-0.12,-1.0705,680914.6,758006.903
000001.SZ,20260417,11.09,11.11,10.99,11.01,11.09,-0.08,-0.7214,722530.42,797678.406
000001.SZ,20260420,11.01,11.07,10.96,11.06,11.01,0.05,0.4541,630033.66,695097.194
000001.SZ,20260421,11.04,11.16,11.03,11.08,11.06,0.02,0.1808,806946.34,896659.539
000001.SZ,20260422,11.08,11.09,10.95,10.98,11.08,-0.1,-0.9025,839053.99,923203.009
000001.SZ,20260423,10.98,11.03,10.93,11.0,10.98,0.02,0.1821,648066.61,711757.543
000001.SZ,20260424,10.98,11.03,10.92,11.0,11.0,0.0,0.0,582710.12,639781.173
000001.SZ,20260427,11.33,11.57,11.29,11.38,11.0,0.38,3.4545,3401275.67,3891707.615
000001.SZ,20260428,11.36,11.46,11.32,11.46,11.38,0.08,0.703,1674258.83,1908333.959
000001.SZ,20260429,11.43,11.54,11.39,11.52,11.46,0.06,0.5236,1378423.44,1583294.869
000001.SZ,20260430,11.5,11.6,11.46,11.49,11.52,-0.03,-0.2604,1139241.62,1312827.776
000001.SZ,20260506,11.5,11.5,11.3,11.36,11.49,-0.13,-1.1314,1216387.55,1380730.921
000001.SZ,20260507,11.37,11.39,11.3,11.37,11.36,0.01,0.088,936958.06,1062755.239
000001.SZ,20260508,11.34,11.42,11.3,11.3,11.37,-0.07,-0.6157,798819.86,905737.835
000001.SZ,20260511,11.29,11.31,11.16,11.28,11.3,-0.02,-0.177,931865.21,1047435.369
000001.SZ,20260512,11.28,11.36,11.21,11.25,11.28,-0.03,-0.266,1029038.42,1158241.866
000001.SZ,20260513,11.25,11.28,11.11,11.14,11.25,-0.11,-0.9778,1017973.92,1136724.107
000001.SZ,20260514,11.14,11.15,11.05,11.05,11.14,-0.09,-0.8079,794368.41,881960.631
000001.SZ,20260515,11.05,11.11,10.96,10.99,11.05,-0.06,-0.543,974741.76,1074648.533
000001.SZ,20260518,10.96,10.97,10.82,10.86,10.99,-0.13,-1.1829,856381.57,931697.164
000001.SZ,20260519,10.83,10.92,10.83,10.86,10.86,0.0,0.0,793529.13,862561.883
000001.SZ,20260520,10.86,10.88,10.76,10.77,10.86,-0.09,-0.8287,747632.14,808079.589
000001.SZ,20260521,10.78,10.8,10.69,10.7,10.77,-0.07,-0.65,1110211.08,1194144.112
000001.SZ,20260522,10.7,10.73,10.65,10.68,10.7,-0.02,-0.1869,954132.73,1020057.083
000001.SZ,20260525,10.68,10.76,10.64,10.68,10.68,0.0,0.0,663102.95,709614.128
000001.SZ,20260526,10.71,10.83,10.66,10.79,10.68,0.11,1.03,837346.9,900879.538
000001.SZ,20260527,10.76,10.85,10.72,10.76,10.79,-0.03,-0.278,839727.18,905710.898
000001.SZ,20260528,10.76,10.79,10.63,10.66,10.76,-0.1,-0.9294,900711.07,963695.781
000001.SZ,20260529,10.65,10.93,10.62,10.93,10.66,0.27,2.5328,1399367.8,1515692.068
000001.SZ,20260601,10.9,10.99,10.81,10.99,10.93,0.06,0.5489,954595.69,1042306.456
000001.SZ,20260602,10.98,11.1,10.94,11.08,10.99,0.09,0.8189,885428.42,978159.337
000001.SZ,20260603,11.03,11.06,10.92,10.99,11.08,-0.09,-0.8123,825271.72,906870.268
000001.SZ,20260604,10.91,10.97,10.77,10.82,10.99,-0.17,-1.5469,869270.83,943329.311
000001.SZ,20260605,10.83,11.03,10.83,10.98,10.82,0.16,1.4787,1003503.34,1102446.143
000001.SZ,20260608,10.97,11.1,10.96,11.03,10.98,0.05,0.4554,1090926.46,1203946.343
000001.SZ,20260609,11.01,11.19,10.96,11.13,11.03,0.1,0.9066,1149672.34,1277122.41579
000001.SZ,20260610,11.07,11.35,11.07,11.32,11.13,0.19,1.7071,1543176.39,1738056.71203
000001.SZ,20260611,11.32,11.39,11.25,11.3,11.32,-0.02,-0.1767,1156222.22,1308133.97213
000001.SZ,20260612,11.0,11.25,10.88,11.24,10.94,0.3,2.7422,2032355.46,2263042.93057
000001.SZ,20260615,11.21,11.21,10.98,11.06,11.24,-0.18,-1.6014,1541304.95,1711561.28657
000001.SZ,20260616,11.05,11.12,10.91,10.94,11.06,-0.12,-1.085,942708.04,1034554.24938
000001.SZ,20260617,10.97,10.99,10.75,10.78,10.94,-0.16,-1.4625,965828.03,1046564.89554
000001.SZ,20260618,10.74,10.77,10.52,10.52,10.78,-0.26,-2.4119,1426893.16,1511009.56495
000001.SZ,20260622,10.52,10.67,10.42,10.65,10.52,0.13,1.2357,1265316.72,1334768.05278
000001.SZ,20260623,10.65,10.91,10.63,10.71,10.65,0.06,0.5634,1190604.07,1285360.40038
000001.SZ,20260624,10.68,10.78,10.51,10.51,10.71,-0.2,-1.8674,1125841.14,1193370.30356
000001.SZ,20260625,10.47,10.59,10.41,10.42,10.51,-0.09,-0.8563,1083999.05,1136742.12647
000001.SZ,20260626,10.42,10.47,10.19,10.23,10.42,-0.19,-1.8234,1236481.64,1270902.94786
000001.SZ,20260629,10.22,10.32,10.02,10.24,10.23,0.01,0.0978,1124139.78,1144166.87764
000001.SZ,20260630,10.22,10.22,10.04,10.05,10.24,-0.19,-1.8555,1111352.81,1121201.53948
000001.SZ,20260701,10.05,10.18,9.99,10.16,10.05,0.11,1.0945,906889.82,915838.54912
